Date,StockCode,Open,High,Low,Close,Volume,Return
2019-01-02,COOP,16.1,16.1,15.3,15.75,153600.0,
2019-01-03,COOP,14.5,15.0,14.0,14.45,523500.0,-0.0825396825396825
2019-01-04,COOP,14.95,15.0,14.9,14.95,38900.0,0.0346020761245675
2019-01-07,COOP,12.0,12.1,11.85,11.95,64500.0,-0.2006688963210702
2019-01-08,COOP,11.95,12.0,11.9,11.95,71000.0,0.0
2019-01-09,COOP,11.95,12.0,11.9,11.95,71000.0,0.0
2019-01-10,COOP,11.9,12.2,11.85,12.0,129600.0,0.0041841004184099
2019-01-11,COOP,14.55,16.0,14.65,15.8,4758500.0,0.3166666666666666
2019-01-14,COOP,14.55,16.0,14.65,15.8,4758500.0,0.0
2019-01-15,COOP,14.55,16.0,14.65,15.8,4758500.0,0.0
2019-01-16,COOP,14.55,16.0,14.65,15.8,4758500.0,0.0
2019-01-17,COOP,14.55,16.0,14.65,15.8,4758500.0,0.0
2019-01-18,COOP,14.55,16.0,14.65,15.8,4758500.0,0.0
2019-01-21,COOP,14.55,16.0,14.65,15.8,4758500.0,0.0
2019-01-22,COOP,14.55,16.0,14.65,15.8,4758500.0,0.0
2019-01-23,COOP,14.55,16.0,14.65,15.8,4758500.0,0.0
2019-01-24,COOP,14.55,16.0,14.65,15.8,4758500.0,0.0
2019-01-25,COOP,14.55,16.0,14.65,15.8,4758500.0,0.0
2019-01-28,COOP,14.55,16.0,14.65,15.8,4758500.0,0.0
2019-01-29,COOP,14.55,16.0,14.65,15.8,4758500.0,0.0
2019-01-30,COOP,14.55,16.0,14.65,15.8,4758500.0,0.0
2019-01-31,COOP,14.55,16.0,14.65,15.8,4758500.0,0.0
2019-02-01,COOP,14.3,14.8,13.6,13.85,69300.0,-0.1234177215189874
2019-02-04,COOP,14.95,15.5,14.95,15.0,273000.0,0.0830324909747293
2019-02-05,COOP,12.6,12.9,12.5,12.55,132800.0,-0.1633333333333333
2019-02-06,COOP,12.6,12.9,12.5,12.55,132800.0,0.0
2019-02-07,COOP,11.95,12.0,11.9,11.9,1683000.0,-0.051792828685259
2019-02-08,COOP,11.95,12.0,11.8,11.95,197600.0,0.0042016806722688
2019-02-11,COOP,11.95,12.0,11.8,11.95,197600.0,0.0
2019-02-12,COOP,16.05,16.2,15.5,15.95,908000.0,0.3347280334728033
2019-02-13,COOP,16.05,16.2,15.5,15.95,908000.0,0.0
2019-02-14,COOP,16.05,16.2,15.5,15.95,908000.0,0.0
2019-02-15,COOP,16.05,16.2,15.5,15.95,908000.0,0.0
2019-02-18,COOP,16.05,16.2,15.5,15.95,908000.0,0.0
2019-02-19,COOP,16.05,16.2,15.5,15.95,908000.0,0.0
2019-02-20,COOP,16.05,16.2,15.5,15.95,908000.0,0.0
2019-02-21,COOP,16.05,16.2,15.5,15.95,908000.0,0.0
2019-02-22,COOP,16.05,16.2,15.5,15.95,908000.0,0.0
2019-02-25,COOP,16.05,16.2,15.5,15.95,908000.0,0.0
2019-02-26,COOP,16.05,16.2,15.5,15.95,908000.0,0.0
2019-02-27,COOP,16.05,16.2,15.5,15.95,908000.0,0.0
2019-02-28,COOP,16.05,16.2,15.5,15.95,908000.0,0.0
2019-03-01,COOP,13.85,14.0,13.75,13.8,24000.0,-0.134796238244514
2019-03-04,COOP,15.0,15.2,14.95,15.0,458700.0,0.0869565217391303
2019-03-05,COOP,12.55,12.8,12.55,12.55,1962500.0,-0.1633333333333333
2019-03-06,COOP,12.45,12.45,12.1,12.1,4193000.0,-0.0358565737051793
2019-03-07,COOP,11.9,12.3,11.9,12.15,60600.0,0.0041322314049587
2019-03-08,COOP,11.9,12.3,11.9,12.15,60600.0,0.0
2019-03-11,COOP,11.9,12.3,11.9,12.15,60600.0,0.0
2019-03-12,COOP,15.95,16.15,15.65,16.1,1179100.0,0.3251028806584364
2019-03-13,COOP,15.95,16.15,15.65,16.1,1179100.0,0.0
2019-03-14,COOP,15.95,16.15,15.65,16.1,1179100.0,0.0
2019-03-15,COOP,15.95,16.15,15.65,16.1,1179100.0,0.0
2019-03-18,COOP,15.95,16.15,15.65,16.1,1179100.0,0.0
2019-03-19,COOP,15.95,16.15,15.65,16.1,1179100.0,0.0
2019-03-20,COOP,15.95,16.15,15.65,16.1,1179100.0,0.0
2019-03-21,COOP,15.95,16.15,15.65,16.1,1179100.0,0.0
2019-03-22,COOP,15.95,16.15,15.65,16.1,1179100.0,0.0
2019-03-25,COOP,15.95,16.15,15.65,16.1,1179100.0,0.0
2019-03-26,COOP,15.95,16.15,15.65,16.1,1179100.0,0.0
2019-03-27,COOP,15.95,16.15,15.65,16.1,1179100.0,0.0
2019-03-28,COOP,15.95,16.15,15.65,16.1,1179100.0,0.0
2019-03-29,COOP,15.95,16.15,15.65,16.1,1179100.0,0.0
2019-04-01,COOP,13.8,14.0,13.8,13.9,74500.0,-0.1366459627329193
2019-04-02,COOP,15.75,16.0,15.2,15.45,198300.0,0.1115107913669064
2019-04-03,COOP,14.45,15.0,14.05,14.5,106100.0,-0.0614886731391585
2019-04-04,COOP,15.0,15.0,14.9,14.95,47100.0,0.0310344827586206
2019-04-05,COOP,15.0,15.0,14.9,14.95,47100.0,0.0
2019-04-08,COOP,15.0,15.0,14.9,14.95,47100.0,0.0
2019-04-09,COOP,11.4,11.5,11.25,11.35,179000.0,-0.2408026755852842
2019-04-10,COOP,12.05,12.25,12.0,12.05,54300.0,0.0616740088105727
2019-04-11,COOP,15.8,16.0,14.75,15.7,10955100.0,0.3029045643153525
2019-04-12,COOP,16.1,16.0,15.65,15.95,364500.0,0.015923566878981
2019-04-15,COOP,16.1,16.0,15.65,15.95,364500.0,0.0
2019-04-16,COOP,16.1,16.0,15.65,15.95,364500.0,0.0
2019-04-17,COOP,16.1,16.0,15.65,15.95,364500.0,0.0
2019-04-18,COOP,16.1,16.0,15.65,15.95,364500.0,0.0
2019-04-19,COOP,16.1,16.0,15.65,15.95,364500.0,0.0
2019-04-22,COOP,16.1,16.0,15.65,15.95,364500.0,0.0
2019-04-23,COOP,16.1,16.0,15.65,15.95,364500.0,0.0
2019-04-24,COOP,16.1,16.0,15.65,15.95,364500.0,0.0
2019-04-25,COOP,16.1,16.0,15.65,15.95,364500.0,0.0
2019-04-26,COOP,16.1,16.0,15.65,15.95,364500.0,0.0
2019-04-29,COOP,16.1,16.0,15.65,15.95,364500.0,0.0
2019-04-30,COOP,16.1,16.0,15.65,15.95,364500.0,0.0
2019-05-01,COOP,16.1,16.0,15.65,15.95,364500.0,0.0
2019-05-02,COOP,15.45,16.0,15.2,15.6,115200.0,-0.0219435736677116
2019-05-03,COOP,14.5,15.0,14.1,14.6,481500.0,-0.0641025641025641
2019-05-06,COOP,14.5,15.0,14.1,14.6,481500.0,0.0
2019-05-07,COOP,12.2,12.45,12.2,12.25,51900.0,-0.160958904109589
2019-05-08,COOP,11.95,12.0,11.9,11.95,83500.0,-0.0244897959183674
2019-05-09,COOP,11.35,11.4,11.3,11.4,2663300.0,-0.0460251046025104
2019-05-10,COOP,11.35,11.4,11.3,11.4,2663300.0,0.0
2019-05-13,COOP,11.35,11.4,11.3,11.4,2663300.0,0.0
2019-05-14,COOP,11.35,11.4,11.3,11.4,2663300.0,0.0
2019-05-15,COOP,11.35,11.4,11.3,11.4,2663300.0,0.0
2019-05-16,COOP,11.35,11.4,11.3,11.4,2663300.0,0.0
2019-05-17,COOP,11.35,11.4,11.3,11.4,2663300.0,0.0
2019-05-20,COOP,11.35,11.4,11.3,11.4,2663300.0,0.0
2019-05-21,COOP,11.35,11.4,11.3,11.4,2663300.0,0.0
2019-05-22,COOP,11.35,11.4,11.3,11.4,2663300.0,0.0
2019-05-23,COOP,11.35,11.4,11.3,11.4,2663300.0,0.0
2019-05-24,COOP,11.35,11.4,11.3,11.4,2663300.0,0.0
2019-05-27,COOP,11.35,11.4,11.3,11.4,2663300.0,0.0
2019-05-28,COOP,11.35,11.4,11.3,11.4,2663300.0,0.0
2019-05-29,COOP,11.35,11.4,11.3,11.4,2663300.0,0.0
2019-05-30,COOP,11.35,11.4,11.3,11.4,2663300.0,0.0
2019-05-31,COOP,11.35,11.4,11.3,11.4,2663300.0,0.0
2019-06-03,COOP,14.6,14.75,14.5,14.55,70800.0,0.2763157894736843
2019-06-04,COOP,14.6,14.75,14.5,14.55,70800.0,0.0
2019-06-05,COOP,12.55,12.7,12.5,12.55,392600.0,-0.1374570446735394
2019-06-06,COOP,12.2,12.45,12.0,12.35,255700.0,-0.0159362549800797
2019-06-07,COOP,12.2,12.45,12.0,12.35,255700.0,0.0
2019-06-10,COOP,12.2,12.45,12.0,12.35,255700.0,0.0
2019-06-11,COOP,15.75,16.3,15.75,16.0,7291200.0,0.2955465587044534
2019-06-12,COOP,15.85,15.9,15.65,15.7,51500.0,-0.01875
2019-06-13,COOP,15.85,15.9,15.65,15.7,51500.0,0.0
2019-06-14,COOP,15.85,15.9,15.65,15.7,51500.0,0.0
2019-06-17,COOP,15.85,15.9,15.65,15.7,51500.0,0.0
2019-06-18,COOP,15.85,15.9,15.65,15.7,51500.0,0.0
2019-06-19,COOP,15.85,15.9,15.65,15.7,51500.0,0.0
2019-06-20,COOP,15.85,15.9,15.65,15.7,51500.0,0.0
2019-06-21,COOP,15.85,15.9,15.65,15.7,51500.0,0.0
2019-06-24,COOP,15.85,15.9,15.65,15.7,51500.0,0.0
2019-06-25,COOP,15.85,15.9,15.65,15.7,51500.0,0.0
2019-06-26,COOP,15.85,15.9,15.65,15.7,51500.0,0.0
2019-06-27,COOP,15.85,15.9,15.65,15.7,51500.0,0.0
2019-06-28,COOP,15.85,15.9,15.65,15.7,51500.0,0.0
2019-07-01,COOP,13.9,14.3,13.8,13.85,27200.0,-0.1178343949044585
2019-07-02,COOP,15.9,16.4,16.0,16.05,137300.0,0.1588447653429603
2019-07-03,COOP,14.55,14.95,14.5,14.55,586800.0,-0.0934579439252336
2019-07-04,COOP,14.55,14.95,14.5,14.55,586800.0,0.0
2019-07-05,COOP,12.55,12.8,12.5,12.6,1319500.0,-0.1340206185567011
2019-07-08,COOP,11.85,12.5,11.95,12.1,68300.0,-0.0396825396825396
2019-07-09,COOP,11.85,12.5,11.95,12.1,68300.0,0.0
2019-07-10,COOP,12.05,12.2,12.0,12.0,278900.0,-0.0082644628099173
2019-07-11,COOP,16.0,16.3,15.6,15.85,672200.0,0.3208333333333333
2019-07-12,COOP,16.0,16.3,15.6,15.85,672200.0,0.0
2019-07-15,COOP,16.0,16.3,15.6,15.85,672200.0,0.0
2019-07-16,COOP,16.0,16.3,15.6,15.85,672200.0,0.0
2019-07-17,COOP,16.0,16.3,15.6,15.85,672200.0,0.0
2019-07-18,COOP,16.0,16.3,15.6,15.85,672200.0,0.0
2019-07-19,COOP,16.0,16.3,15.6,15.85,672200.0,0.0
2019-07-22,COOP,16.0,16.3,15.6,15.85,672200.0,0.0
2019-07-23,COOP,16.0,16.3,15.6,15.85,672200.0,0.0
2019-07-24,COOP,16.0,16.3,15.6,15.85,672200.0,0.0
2019-07-25,COOP,16.0,16.3,15.6,15.85,672200.0,0.0
2019-07-26,COOP,16.0,16.3,15.6,15.85,672200.0,0.0
2019-07-29,COOP,16.0,16.3,15.6,15.85,672200.0,0.0
2019-07-30,COOP,16.0,16.3,15.6,15.85,672200.0,0.0
2019-07-31,COOP,16.0,16.3,15.6,15.85,672200.0,0.0
2019-08-01,COOP,13.85,13.9,13.85,13.85,14300.0,-0.1261829652996845
2019-08-02,COOP,16.05,16.3,15.95,16.0,395600.0,0.1552346570397111
2019-08-05,COOP,12.6,12.8,12.5,12.55,1960400.0,-0.2156249999999999
2019-08-06,COOP,12.6,12.8,12.5,12.55,1960400.0,0.0
2019-08-07,COOP,12.25,12.45,12.2,12.25,2076400.0,-0.0239043824701196
2019-08-08,COOP,12.1,12.45,12.0,12.1,4419600.0,-0.0122448979591837
2019-08-09,COOP,12.1,12.45,12.0,12.1,4419600.0,0.0
2019-08-12,COOP,12.1,12.45,12.0,12.1,4419600.0,0.0
2019-08-13,COOP,12.1,12.45,12.0,12.1,4419600.0,0.0
2019-08-14,COOP,12.1,12.45,12.0,12.1,4419600.0,0.0
2019-08-15,COOP,12.1,12.45,12.0,12.1,4419600.0,0.0
2019-08-16,COOP,12.1,12.45,12.0,12.1,4419600.0,0.0
2019-08-19,COOP,12.1,12.45,12.0,12.1,4419600.0,0.0
2019-08-20,COOP,12.1,12.45,12.0,12.1,4419600.0,0.0
2019-08-21,COOP,12.1,12.45,12.0,12.1,4419600.0,0.0
2019-08-22,COOP,12.1,12.45,12.0,12.1,4419600.0,0.0
2019-08-23,COOP,12.1,12.45,12.0,12.1,4419600.0,0.0
2019-08-26,COOP,12.1,12.45,12.0,12.1,4419600.0,0.0
2019-08-27,COOP,12.1,12.45,12.0,12.1,4419600.0,0.0
2019-08-28,COOP,12.1,12.45,12.0,12.1,4419600.0,0.0
2019-08-29,COOP,12.1,12.45,12.0,12.1,4419600.0,0.0
2019-08-30,COOP,12.1,12.45,12.0,12.1,4419600.0,0.0
2019-09-02,COOP,12.1,12.45,12.0,12.1,4419600.0,0.0
2019-09-03,COOP,12.1,12.45,12.0,12.1,4419600.0,0.0
2019-09-04,COOP,14.9,15.0,14.6,14.65,450400.0,0.2107438016528926
2019-09-05,COOP,12.55,12.6,12.5,12.55,1056800.0,-0.1433447098976109
2019-09-06,COOP,12.55,12.6,12.5,12.55,1056800.0,0.0
2019-09-09,COOP,11.3,11.4,11.0,11.15,199200.0,-0.1115537848605577
2019-09-10,COOP,12.05,12.1,12.0,12.0,97900.0,0.0762331838565022
2019-09-11,COOP,12.05,12.1,12.0,12.0,97900.0,0.0
2019-09-12,COOP,15.7,16.0,15.65,15.8,265100.0,0.3166666666666666
2019-09-13,COOP,15.7,16.0,15.65,15.8,265100.0,0.0
2019-09-16,COOP,15.7,16.0,15.65,15.8,265100.0,0.0
2019-09-17,COOP,15.7,16.0,15.65,15.8,265100.0,0.0
2019-09-18,COOP,15.7,16.0,15.65,15.8,265100.0,0.0
2019-09-19,COOP,15.7,16.0,15.65,15.8,265100.0,0.0
2019-09-20,COOP,15.7,16.0,15.65,15.8,265100.0,0.0
2019-09-23,COOP,15.7,16.0,15.65,15.8,265100.0,0.0
2019-09-24,COOP,15.7,16.0,15.65,15.8,265100.0,0.0
2019-09-25,COOP,15.7,16.0,15.65,15.8,265100.0,0.0
2019-09-26,COOP,15.7,16.0,15.65,15.8,265100.0,0.0
2019-09-27,COOP,15.7,16.0,15.65,15.8,265100.0,0.0
2019-09-30,COOP,15.7,16.0,15.65,15.8,265100.0,0.0
2019-10-01,COOP,13.85,14.3,13.8,13.95,71300.0,-0.1170886075949367
2019-10-02,COOP,13.85,14.3,13.8,13.95,71300.0,0.0
2019-10-03,COOP,13.85,14.3,13.8,13.95,71300.0,0.0
2019-10-04,COOP,14.65,14.85,14.5,14.6,148800.0,0.0465949820788531
2019-10-07,COOP,12.2,12.2,12.0,12.05,284800.0,-0.1746575342465752
2019-10-08,COOP,12.2,12.2,12.0,12.05,284800.0,0.0
2019-10-09,COOP,11.15,11.35,10.95,11.0,3775700.0,-0.0871369294605809
2019-10-10,COOP,11.15,11.35,10.95,11.0,3775700.0,0.0
2019-10-11,COOP,11.15,11.35,10.95,11.0,3775700.0,0.0
2019-10-14,COOP,11.15,11.35,10.95,11.0,3775700.0,0.0
2019-10-15,COOP,11.15,11.35,10.95,11.0,3775700.0,0.0
2019-10-16,COOP,11.15,11.35,10.95,11.0,3775700.0,0.0
2019-10-17,COOP,11.15,11.35,10.95,11.0,3775700.0,0.0
2019-10-18,COOP,11.15,11.35,10.95,11.0,3775700.0,0.0
2019-10-21,COOP,11.15,11.35,10.95,11.0,3775700.0,0.0
2019-10-22,COOP,11.15,11.35,10.95,11.0,3775700.0,0.0
2019-10-23,COOP,11.15,11.35,10.95,11.0,3775700.0,0.0
2019-10-24,COOP,11.15,11.35,10.95,11.0,3775700.0,0.0
2019-10-25,COOP,11.15,11.35,10.95,11.0,3775700.0,0.0
2019-10-28,COOP,11.15,11.35,10.95,11.0,3775700.0,0.0
2019-10-29,COOP,11.15,11.35,10.95,11.0,3775700.0,0.0
2019-10-30,COOP,11.15,11.35,10.95,11.0,3775700.0,0.0
2019-10-31,COOP,11.15,11.35,10.95,11.0,3775700.0,0.0
2019-11-01,COOP,13.95,14.4,13.75,13.85,56200.0,0.259090909090909
2019-11-04,COOP,14.6,14.95,14.5,14.7,151000.0,0.0613718411552346
2019-11-05,COOP,14.6,14.95,14.5,14.7,151000.0,0.0
2019-11-06,COOP,12.4,12.4,12.3,12.3,89200.0,-0.1632653061224489
2019-11-07,COOP,12.05,12.2,12.0,12.15,89500.0,-0.0121951219512195
2019-11-08,COOP,12.05,12.2,12.0,12.15,89500.0,0.0
2019-11-11,COOP,15.7,15.75,15.0,15.4,720800.0,0.2674897119341564
2019-11-12,COOP,15.8,16.0,15.5,15.75,213500.0,0.0227272727272727
2019-11-13,COOP,15.8,16.0,15.5,15.75,213500.0,0.0
2019-11-14,COOP,15.8,16.0,15.5,15.75,213500.0,0.0
2019-11-15,COOP,15.8,16.0,15.5,15.75,213500.0,0.0
2019-11-18,COOP,15.8,16.0,15.5,15.75,213500.0,0.0
2019-11-19,COOP,15.8,16.0,15.5,15.75,213500.0,0.0
2019-11-20,COOP,15.8,16.0,15.5,15.75,213500.0,0.0
2019-11-21,COOP,15.8,16.0,15.5,15.75,213500.0,0.0
2019-11-22,COOP,15.8,16.0,15.5,15.75,213500.0,0.0
2019-11-25,COOP,15.8,16.0,15.5,15.75,213500.0,0.0
2019-11-26,COOP,15.8,16.0,15.5,15.75,213500.0,0.0
2019-11-27,COOP,15.8,16.0,15.5,15.75,213500.0,0.0
2019-11-28,COOP,15.8,16.0,15.5,15.75,213500.0,0.0
2019-11-29,COOP,15.8,16.0,15.5,15.75,213500.0,0.0
2019-12-02,COOP,15.95,16.0,15.55,15.85,942900.0,0.0063492063492063
2019-12-03,COOP,14.45,15.0,14.1,14.45,212500.0,-0.0883280757097791
2019-12-04,COOP,14.7,14.8,14.5,14.7,289500.0,0.0173010380622837
2019-12-05,COOP,14.7,14.8,14.5,14.7,289500.0,0.0
2019-12-06,COOP,12.3,12.45,12.0,12.1,488000.0,-0.1768707482993197
2019-12-09,COOP,11.35,12.0,11.55,11.8,78700.0,-0.0247933884297519
2019-12-10,COOP,11.35,12.0,11.55,11.8,78700.0,0.0
2019-12-11,COOP,15.4,15.4,14.55,15.0,307600.0,0.271186440677966
2019-12-12,COOP,15.4,15.4,14.55,15.0,307600.0,0.0
2019-12-13,COOP,15.4,15.4,14.55,15.0,307600.0,0.0
2019-12-16,COOP,15.4,15.4,14.55,15.0,307600.0,0.0
2019-12-17,COOP,15.4,15.4,14.55,15.0,307600.0,0.0
2019-12-18,COOP,15.4,15.4,14.55,15.0,307600.0,0.0
2019-12-19,COOP,15.4,15.4,14.55,15.0,307600.0,0.0
2019-12-20,COOP,15.4,15.4,14.55,15.0,307600.0,0.0
2019-12-23,COOP,15.4,15.4,14.55,15.0,307600.0,0.0
2019-12-24,COOP,15.4,15.4,14.55,15.0,307600.0,0.0
2019-12-25,COOP,15.4,15.4,14.55,15.0,307600.0,0.0
2019-12-26,COOP,15.4,15.4,14.55,15.0,307600.0,0.0
2019-12-27,COOP,15.4,15.4,14.55,15.0,307600.0,0.0
2019-12-30,COOP,15.4,15.4,14.55,15.0,307600.0,0.0
2019-12-31,COOP,15.4,15.4,14.55,15.0,307600.0,0.0
2020-01-01,COOP,15.4,15.4,14.55,15.0,307600.0,0.0
2020-01-02,COOP,15.4,15.4,14.55,15.0,307600.0,0.0
2020-01-03,COOP,15.4,15.4,14.55,15.0,307600.0,0.0
2020-01-06,COOP,15.4,15.4,14.55,15.0,307600.0,0.0
2020-01-07,COOP,12.15,12.4,12.0,12.15,1477200.0,-0.1899999999999999
2020-01-08,COOP,12.15,12.4,12.0,12.15,1477200.0,0.0
2020-01-09,COOP,11.9,12.0,11.6,11.85,1789700.0,-0.0246913580246914
2020-01-10,COOP,11.85,11.85,11.7,11.8,58700.0,-0.0042194092827003
2020-01-13,COOP,11.85,11.85,11.7,11.8,58700.0,0.0
2020-01-14,COOP,11.85,11.85,11.7,11.8,58700.0,0.0
2020-01-15,COOP,11.85,11.85,11.7,11.8,58700.0,0.0
2020-01-16,COOP,11.85,11.85,11.7,11.8,58700.0,0.0
2020-01-17,COOP,11.85,11.85,11.7,11.8,58700.0,0.0
2020-01-20,COOP,11.85,11.85,11.7,11.8,58700.0,0.0
2020-01-21,COOP,11.85,11.85,11.7,11.8,58700.0,0.0
2020-01-22,COOP,11.85,11.85,11.7,11.8,58700.0,0.0
2020-01-23,COOP,11.85,11.85,11.7,11.8,58700.0,0.0
2020-01-24,COOP,11.85,11.85,11.7,11.8,58700.0,0.0
2020-01-27,COOP,11.85,11.85,11.7,11.8,58700.0,0.0
2020-01-28,COOP,11.85,11.85,11.7,11.8,58700.0,0.0
2020-01-29,COOP,11.85,11.85,11.7,11.8,58700.0,0.0
2020-01-30,COOP,11.85,11.85,11.7,11.8,58700.0,0.0
2020-01-31,COOP,11.85,11.85,11.7,11.8,58700.0,0.0
2020-02-03,COOP,13.55,14.5,13.55,13.95,548900.0,0.1822033898305084
2020-02-04,COOP,12.95,13.0,12.5,12.85,226400.0,-0.078853046594982
2020-02-05,COOP,12.95,13.0,12.5,12.85,226400.0,0.0
2020-02-06,COOP,12.35,12.6,12.0,12.35,84100.0,-0.0389105058365758
2020-02-07,COOP,12.15,12.4,11.85,12.0,651200.0,-0.0283400809716598
2020-02-10,COOP,11.8,11.85,11.6,11.7,222700.0,-0.025
2020-02-11,COOP,11.3,11.9,11.3,11.5,173700.0,-0.017094017094017
2020-02-12,COOP,11.55,11.7,11.55,11.6,56300.0,0.0086956521739129
2020-02-13,COOP,11.55,11.7,11.55,11.6,56300.0,0.0
2020-02-14,COOP,11.55,11.7,11.55,11.6,56300.0,0.0
2020-02-17,COOP,11.55,11.7,11.55,11.6,56300.0,0.0
2020-02-18,COOP,11.55,11.7,11.55,11.6,56300.0,0.0
2020-02-19,COOP,11.55,11.7,11.55,11.6,56300.0,0.0
2020-02-20,COOP,11.55,11.7,11.55,11.6,56300.0,0.0
2020-02-21,COOP,11.55,11.7,11.55,11.6,56300.0,0.0
2020-02-24,COOP,11.55,11.7,11.55,11.6,56300.0,0.0
2020-02-25,COOP,11.55,11.7,11.55,11.6,56300.0,0.0
2020-02-26,COOP,11.55,11.7,11.55,11.6,56300.0,0.0
2020-02-27,COOP,11.55,11.7,11.55,11.6,56300.0,0.0
2020-02-28,COOP,11.55,11.7,11.55,11.6,56300.0,0.0
2020-03-02,COOP,15.25,15.4,15.0,15.15,128700.0,0.3060344827586208
2020-03-03,COOP,13.95,15.0,13.9,14.0,1616000.0,-0.0759075907590759
2020-03-04,COOP,12.85,12.95,12.6,12.9,116800.0,-0.0785714285714285
2020-03-05,COOP,12.85,12.95,12.6,12.9,116800.0,0.0
2020-03-06,COOP,12.35,12.7,12.05,12.4,554500.0,-0.0387596899224805
2020-03-09,COOP,11.9,11.9,11.8,11.9,1855500.0,-0.0403225806451612
2020-03-10,COOP,11.9,11.9,11.8,11.9,1855500.0,0.0
2020-03-11,COOP,11.5,11.9,11.3,11.55,129100.0,-0.0294117647058823
2020-03-12,COOP,11.6,11.75,11.6,11.65,222900.0,0.0086580086580085
2020-03-13,COOP,11.6,11.75,11.6,11.65,222900.0,0.0
2020-03-16,COOP,11.6,11.75,11.6,11.65,222900.0,0.0
2020-03-17,COOP,11.6,11.75,11.6,11.65,222900.0,0.0
2020-03-18,COOP,11.6,11.75,11.6,11.65,222900.0,0.0
2020-03-19,COOP,11.6,11.75,11.6,11.65,222900.0,0.0
2020-03-20,COOP,11.6,11.75,11.6,11.65,222900.0,0.0
2020-03-23,COOP,11.6,11.75,11.6,11.65,222900.0,0.0
2020-03-24,COOP,11.6,11.75,11.6,11.65,222900.0,0.0
2020-03-25,COOP,11.6,11.75,11.6,11.65,222900.0,0.0
2020-03-26,COOP,11.6,11.75,11.6,11.65,222900.0,0.0
2020-03-27,COOP,11.6,11.75,11.6,11.65,222900.0,0.0
2020-03-30,COOP,11.6,11.75,11.6,11.65,222900.0,0.0
2020-03-31,COOP,11.6,11.75,11.6,11.65,222900.0,0.0
2020-04-01,COOP,11.6,11.75,11.6,11.65,222900.0,0.0
2020-04-02,COOP,15.15,15.4,15.05,15.35,266100.0,0.3175965665236051
2020-04-03,COOP,14.0,15.0,14.3,14.8,672200.0,-0.035830618892508
2020-04-06,COOP,12.4,13.0,12.3,12.7,89300.0,-0.141891891891892
2020-04-07,COOP,12.4,13.0,12.3,12.7,89300.0,0.0
2020-04-08,COOP,10.55,11.5,10.45,10.5,153800.0,-0.1732283464566928
2020-04-09,COOP,11.9,11.85,11.25,11.6,293400.0,0.1047619047619048
2020-04-10,COOP,11.9,11.85,11.25,11.6,293400.0,0.0
2020-04-13,COOP,11.9,11.85,11.25,11.6,293400.0,0.0
2020-04-14,COOP,11.9,11.85,11.25,11.6,293400.0,0.0
2020-04-15,COOP,11.9,11.85,11.25,11.6,293400.0,0.0
2020-04-16,COOP,11.9,11.85,11.25,11.6,293400.0,0.0
2020-04-17,COOP,11.9,11.85,11.25,11.6,293400.0,0.0
2020-04-20,COOP,11.9,11.85,11.25,11.6,293400.0,0.0
2020-04-21,COOP,11.9,11.85,11.25,11.6,293400.0,0.0
2020-04-22,COOP,11.9,11.85,11.25,11.6,293400.0,0.0
2020-04-23,COOP,11.9,11.85,11.25,11.6,293400.0,0.0
2020-04-24,COOP,11.9,11.85,11.25,11.6,293400.0,0.0
2020-04-27,COOP,11.9,11.85,11.25,11.6,293400.0,0.0
2020-04-28,COOP,11.9,11.85,11.25,11.6,293400.0,0.0
2020-04-29,COOP,11.9,11.85,11.25,11.6,293400.0,0.0
2020-04-30,COOP,11.9,11.85,11.25,11.6,293400.0,0.0
2020-05-01,COOP,11.9,11.85,11.25,11.6,293400.0,0.0
2020-05-04,COOP,11.9,11.85,11.25,11.6,293400.0,0.0
2020-05-05,COOP,12.65,12.8,12.6,12.7,397000.0,0.0948275862068965
2020-05-06,COOP,12.7,12.9,12.6,12.65,77500.0,-0.0039370078740156
2020-05-07,COOP,12.7,12.9,12.6,12.65,77500.0,0.0
2020-05-08,COOP,10.5,11.5,10.3,10.3,1226700.0,-0.1857707509881422
2020-05-11,COOP,11.7,11.55,11.35,11.5,12900.0,0.1165048543689319
2020-05-12,COOP,11.7,11.55,11.35,11.5,12900.0,0.0
2020-05-13,COOP,11.7,11.55,11.35,11.5,12900.0,0.0
2020-05-14,COOP,11.7,11.55,11.35,11.5,12900.0,0.0
2020-05-15,COOP,11.7,11.55,11.35,11.5,12900.0,0.0
2020-05-18,COOP,11.7,11.55,11.35,11.5,12900.0,0.0
2020-05-19,COOP,11.7,11.55,11.35,11.5,12900.0,0.0
2020-05-20,COOP,11.7,11.55,11.35,11.5,12900.0,0.0
2020-05-21,COOP,11.7,11.55,11.35,11.5,12900.0,0.0
2020-05-22,COOP,11.7,11.55,11.35,11.5,12900.0,0.0
2020-05-25,COOP,11.7,11.55,11.35,11.5,12900.0,0.0
2020-05-26,COOP,11.7,11.55,11.35,11.5,12900.0,0.0
2020-05-27,COOP,11.7,11.55,11.35,11.5,12900.0,0.0
2020-05-28,COOP,11.7,11.55,11.35,11.5,12900.0,0.0
2020-05-29,COOP,11.7,11.55,11.35,11.5,12900.0,0.0
2020-06-01,COOP,16.55,16.75,16.4,16.55,70000.0,0.4391304347826088
2020-06-02,COOP,15.0,15.4,14.9,15.0,1360400.0,-0.093655589123867
2020-06-03,COOP,14.8,15.0,14.7,14.8,427100.0,-0.0133333333333333
2020-06-04,COOP,12.9,12.9,12.35,12.4,1662500.0,-0.1621621621621621
2020-06-05,COOP,12.7,13.6,12.8,13.15,262700.0,0.0604838709677419
2020-06-08,COOP,10.3,11.3,10.25,10.45,488400.0,-0.2053231939163499
2020-06-09,COOP,10.3,11.3,10.25,10.45,488400.0,0.0
2020-06-10,COOP,11.7,11.75,11.6,11.6,196800.0,0.1100478468899521
2020-06-11,COOP,11.5,12.0,11.4,11.6,363300.0,0.0
2020-06-12,COOP,11.5,12.0,11.4,11.6,363300.0,0.0
2020-06-15,COOP,11.5,12.0,11.4,11.6,363300.0,0.0
2020-06-16,COOP,11.5,12.0,11.4,11.6,363300.0,0.0
2020-06-17,COOP,11.5,12.0,11.4,11.6,363300.0,0.0
2020-06-18,COOP,11.5,12.0,11.4,11.6,363300.0,0.0
2020-06-19,COOP,11.5,12.0,11.4,11.6,363300.0,0.0
2020-06-22,COOP,11.5,12.0,11.4,11.6,363300.0,0.0
2020-06-23,COOP,11.5,12.0,11.4,11.6,363300.0,0.0
2020-06-24,COOP,11.5,12.0,11.4,11.6,363300.0,0.0
2020-06-25,COOP,11.5,12.0,11.4,11.6,363300.0,0.0
2020-06-26,COOP,11.5,12.0,11.4,11.6,363300.0,0.0
2020-06-29,COOP,11.5,12.0,11.4,11.6,363300.0,0.0
2020-06-30,COOP,11.5,12.0,11.4,11.6,363300.0,0.0
2020-07-01,COOP,16.55,16.7,16.4,16.5,142600.0,0.4224137931034484
2020-07-02,COOP,15.0,15.0,14.8,14.85,4102700.0,-0.0999999999999999
2020-07-03,COOP,15.0,15.0,14.8,14.85,4102700.0,0.0
2020-07-06,COOP,15.0,15.0,14.8,14.85,4102700.0,0.0
2020-07-07,COOP,12.3,12.5,12.2,12.4,93500.0,-0.1649831649831649
2020-07-08,COOP,10.45,11.2,10.2,10.3,943200.0,-0.1693548387096773
2020-07-09,COOP,11.6,11.9,11.3,11.6,172000.0,0.1262135922330096
2020-07-10,COOP,11.6,11.75,11.25,11.55,680700.0,-0.004310344827586
2020-07-13,COOP,11.6,11.75,11.25,11.55,680700.0,0.0
2020-07-14,COOP,11.6,11.75,11.25,11.55,680700.0,0.0
2020-07-15,COOP,11.6,11.75,11.25,11.55,680700.0,0.0
2020-07-16,COOP,11.6,11.75,11.25,11.55,680700.0,0.0
2020-07-17,COOP,11.6,11.75,11.25,11.55,680700.0,0.0
2020-07-20,COOP,11.6,11.75,11.25,11.55,680700.0,0.0
2020-07-21,COOP,11.6,11.75,11.25,11.55,680700.0,0.0
2020-07-22,COOP,11.6,11.75,11.25,11.55,680700.0,0.0
2020-07-23,COOP,11.6,11.75,11.25,11.55,680700.0,0.0
2020-07-24,COOP,11.6,11.75,11.25,11.55,680700.0,0.0
2020-07-27,COOP,11.6,11.75,11.25,11.55,680700.0,0.0
2020-07-28,COOP,11.6,11.75,11.25,11.55,680700.0,0.0
2020-07-29,COOP,11.6,11.75,11.25,11.55,680700.0,0.0
2020-07-30,COOP,11.6,11.75,11.25,11.55,680700.0,0.0
2020-07-31,COOP,11.6,11.75,11.25,11.55,680700.0,0.0
2020-08-03,COOP,11.6,11.75,11.25,11.55,680700.0,0.0
2020-08-04,COOP,12.35,12.7,12.4,12.5,5139800.0,0.0822510822510822
2020-08-05,COOP,12.95,13.4,13.0,13.05,448400.0,0.044
2020-08-06,COOP,12.65,12.85,12.3,12.55,288800.0,-0.0383141762452107
2020-08-07,COOP,12.4,12.5,11.8,12.05,248000.0,-0.0398406374501991
2020-08-10,COOP,11.55,12.1,11.05,11.5,659000.0,-0.045643153526971
2020-08-11,COOP,11.55,12.1,11.05,11.5,659000.0,0.0
2020-08-12,COOP,11.65,11.7,11.5,11.65,2183100.0,0.0130434782608694
2020-08-13,COOP,11.65,11.7,11.5,11.65,2183100.0,0.0
2020-08-14,COOP,11.65,11.7,11.5,11.65,2183100.0,0.0
2020-08-17,COOP,11.65,11.7,11.5,11.65,2183100.0,0.0
2020-08-18,COOP,11.65,11.7,11.5,11.65,2183100.0,0.0
2020-08-19,COOP,11.65,11.7,11.5,11.65,2183100.0,0.0
2020-08-20,COOP,11.65,11.7,11.5,11.65,2183100.0,0.0
2020-08-21,COOP,11.65,11.7,11.5,11.65,2183100.0,0.0
2020-08-24,COOP,11.65,11.7,11.5,11.65,2183100.0,0.0
2020-08-25,COOP,11.65,11.7,11.5,11.65,2183100.0,0.0
2020-08-26,COOP,11.65,11.7,11.5,11.65,2183100.0,0.0
2020-08-27,COOP,11.65,11.7,11.5,11.65,2183100.0,0.0
2020-08-28,COOP,11.65,11.7,11.5,11.65,2183100.0,0.0
2020-08-31,COOP,11.65,11.7,11.5,11.65,2183100.0,0.0
2020-09-01,COOP,16.45,16.55,16.35,16.4,465700.0,0.4077253218884118
2020-09-02,COOP,16.45,16.55,16.35,16.4,465700.0,0.0
2020-09-03,COOP,14.8,14.8,13.8,14.15,708900.0,-0.1371951219512194
2020-09-04,COOP,12.5,12.5,12.35,12.45,277300.0,-0.1201413427561838
2020-09-07,COOP,12.05,12.25,11.5,11.95,495100.0,-0.0401606425702811
2020-09-08,COOP,12.05,12.25,11.5,11.95,495100.0,0.0
2020-09-09,COOP,11.5,11.7,11.55,11.65,55400.0,-0.0251046025104602
2020-09-10,COOP,11.5,11.75,11.2,11.5,44400.0,-0.0128755364806867
2020-09-11,COOP,11.6,11.55,11.2,11.4,57900.0,-0.0086956521739129
2020-09-14,COOP,11.6,11.55,11.2,11.4,57900.0,0.0
2020-09-15,COOP,11.6,11.55,11.2,11.4,57900.0,0.0
2020-09-16,COOP,11.6,11.55,11.2,11.4,57900.0,0.0
2020-09-17,COOP,11.6,11.55,11.2,11.4,57900.0,0.0
2020-09-18,COOP,11.6,11.55,11.2,11.4,57900.0,0.0
2020-09-21,COOP,11.6,11.55,11.2,11.4,57900.0,0.0
2020-09-22,COOP,11.6,11.55,11.2,11.4,57900.0,0.0
2020-09-23,COOP,11.6,11.55,11.2,11.4,57900.0,0.0
2020-09-24,COOP,11.6,11.55,11.2,11.4,57900.0,0.0
2020-09-25,COOP,11.6,11.55,11.2,11.4,57900.0,0.0
2020-09-28,COOP,11.6,11.55,11.2,11.4,57900.0,0.0
2020-09-29,COOP,11.6,11.55,11.2,11.4,57900.0,0.0
2020-09-30,COOP,11.6,11.55,11.2,11.4,57900.0,0.0
2020-10-01,COOP,16.4,16.7,16.4,16.5,543700.0,0.4473684210526316
2020-10-02,COOP,14.85,15.0,14.85,14.95,237500.0,-0.0939393939393939
2020-10-05,COOP,14.85,15.0,14.85,14.95,237500.0,0.0
2020-10-06,COOP,12.4,12.5,12.2,12.3,54300.0,-0.1772575250836119
2020-10-07,COOP,11.95,12.05,11.8,11.85,126000.0,-0.0365853658536585
2020-10-08,COOP,10.3,11.3,10.25,10.35,326700.0,-0.1265822784810126
2020-10-09,COOP,11.65,11.7,11.3,11.45,379800.0,0.106280193236715
2020-10-12,COOP,11.55,11.65,11.55,11.6,66700.0,0.0131004366812228
2020-10-13,COOP,11.55,11.65,11.55,11.6,66700.0,0.0
2020-10-14,COOP,11.55,11.65,11.55,11.6,66700.0,0.0
2020-10-15,COOP,11.55,11.65,11.55,11.6,66700.0,0.0
2020-10-16,COOP,11.55,11.65,11.55,11.6,66700.0,0.0
2020-10-19,COOP,11.55,11.65,11.55,11.6,66700.0,0.0
2020-10-20,COOP,11.55,11.65,11.55,11.6,66700.0,0.0
2020-10-21,COOP,11.55,11.65,11.55,11.6,66700.0,0.0
2020-10-22,COOP,11.55,11.65,11.55,11.6,66700.0,0.0
2020-10-23,COOP,11.55,11.65,11.55,11.6,66700.0,0.0
2020-10-26,COOP,11.55,11.65,11.55,11.6,66700.0,0.0
2020-10-27,COOP,11.55,11.65,11.55,11.6,66700.0,0.0
2020-10-28,COOP,11.55,11.65,11.55,11.6,66700.0,0.0
2020-10-29,COOP,11.55,11.65,11.55,11.6,66700.0,0.0
2020-10-30,COOP,11.55,11.65,11.55,11.6,66700.0,0.0
2020-11-02,COOP,11.55,11.65,11.55,11.6,66700.0,0.0
2020-11-03,COOP,14.1,14.8,14.2,14.6,854100.0,0.2586206896551724
2020-11-04,COOP,14.1,14.8,14.2,14.6,854100.0,0.0
2020-11-05,COOP,13.05,13.5,13.0,13.2,73300.0,-0.0958904109589041
2020-11-06,COOP,12.3,12.3,12.0,12.25,1192300.0,-0.0719696969696969
2020-11-09,COOP,11.45,11.7,11.3,11.5,109600.0,-0.0612244897959183
2020-11-10,COOP,11.45,11.7,11.3,11.5,109600.0,0.0
2020-11-11,COOP,11.35,11.6,11.35,11.4,82100.0,-0.0086956521739129
2020-11-12,COOP,11.6,11.95,11.5,11.7,122900.0,0.026315789473684
2020-11-13,COOP,11.6,11.95,11.5,11.7,122900.0,0.0
2020-11-16,COOP,11.6,11.95,11.5,11.7,122900.0,0.0
2020-11-17,COOP,11.6,11.95,11.5,11.7,122900.0,0.0
2020-11-18,COOP,11.6,11.95,11.5,11.7,122900.0,0.0
2020-11-19,COOP,11.6,11.95,11.5,11.7,122900.0,0.0
2020-11-20,COOP,11.6,11.95,11.5,11.7,122900.0,0.0
2020-11-23,COOP,11.6,11.95,11.5,11.7,122900.0,0.0
2020-11-24,COOP,11.6,11.95,11.5,11.7,122900.0,0.0
2020-11-25,COOP,11.6,11.95,11.5,11.7,122900.0,0.0
2020-11-26,COOP,11.6,11.95,11.5,11.7,122900.0,0.0
2020-11-27,COOP,11.6,11.95,11.5,11.7,122900.0,0.0
2020-11-30,COOP,11.6,11.95,11.5,11.7,122900.0,0.0
2020-12-01,COOP,11.6,11.95,11.5,11.7,122900.0,0.0
2020-12-02,COOP,14.95,15.1,14.95,15.0,1515900.0,0.2820512820512821
2020-12-03,COOP,14.6,14.5,13.8,14.25,1273400.0,-0.05
2020-12-04,COOP,14.6,14.5,13.8,14.25,1273400.0,0.0
2020-12-07,COOP,14.6,14.5,13.8,14.25,1273400.0,0.0
2020-12-08,COOP,10.45,11.3,10.3,10.65,133700.0,-0.2526315789473684
2020-12-09,COOP,10.45,11.3,10.3,10.65,133700.0,0.0
2020-12-10,COOP,11.5,12.0,11.5,11.85,134600.0,0.112676056338028
2020-12-11,COOP,11.4,11.5,11.2,11.4,421200.0,-0.0379746835443037
2020-12-14,COOP,11.4,11.5,11.2,11.4,421200.0,0.0
2020-12-15,COOP,11.4,11.5,11.2,11.4,421200.0,0.0
2020-12-16,COOP,11.4,11.5,11.2,11.4,421200.0,0.0
2020-12-17,COOP,11.4,11.5,11.2,11.4,421200.0,0.0
2020-12-18,COOP,11.4,11.5,11.2,11.4,421200.0,0.0
2020-12-21,COOP,11.4,11.5,11.2,11.4,421200.0,0.0
2020-12-22,COOP,11.4,11.5,11.2,11.4,421200.0,0.0
2020-12-23,COOP,11.4,11.5,11.2,11.4,421200.0,0.0
2020-12-24,COOP,11.4,11.5,11.2,11.4,421200.0,0.0
2020-12-25,COOP,11.4,11.5,11.2,11.4,421200.0,0.0
2020-12-28,COOP,11.4,11.5,11.2,11.4,421200.0,0.0
2020-12-29,COOP,11.4,11.5,11.2,11.4,421200.0,0.0
2020-12-30,COOP,11.4,11.5,11.2,11.4,421200.0,0.0
2020-12-31,COOP,11.4,11.5,11.2,11.4,421200.0,0.0
2021-01-01,COOP,11.4,11.5,11.2,11.4,421200.0,0.0
2021-01-04,COOP,13.2,12.75,11.75,11.95,352200.0,0.0482456140350875
2021-01-05,COOP,13.2,12.75,11.75,11.95,352200.0,0.0
2021-01-06,COOP,13.2,12.75,11.75,11.95,352200.0,0.0
2021-01-07,COOP,13.8,13.9,13.15,13.85,6131100.0,0.1589958158995816
2021-01-08,COOP,13.8,13.9,13.15,13.85,6131100.0,0.0
2021-01-11,COOP,13.8,13.9,13.15,13.85,6131100.0,0.0
2021-01-12,COOP,13.8,13.9,13.15,13.85,6131100.0,0.0
2021-01-13,COOP,13.8,13.9,13.15,13.85,6131100.0,0.0
2021-01-14,COOP,13.8,13.9,13.15,13.85,6131100.0,0.0
2021-01-15,COOP,13.8,13.9,13.15,13.85,6131100.0,0.0
2021-01-18,COOP,13.8,13.9,13.15,13.85,6131100.0,0.0
2021-01-19,COOP,13.8,13.9,13.15,13.85,6131100.0,0.0
2021-01-20,COOP,13.8,13.9,13.15,13.85,6131100.0,0.0
2021-01-21,COOP,13.8,13.9,13.15,13.85,6131100.0,0.0
2021-01-22,COOP,13.8,13.9,13.15,13.85,6131100.0,0.0
2021-01-25,COOP,13.8,13.9,13.15,13.85,6131100.0,0.0
2021-01-26,COOP,13.8,13.9,13.15,13.85,6131100.0,0.0
2021-01-27,COOP,13.8,13.9,13.15,13.85,6131100.0,0.0
2021-01-28,COOP,13.8,13.9,13.15,13.85,6131100.0,0.0
2021-01-29,COOP,13.8,13.9,13.15,13.85,6131100.0,0.0
2021-02-01,COOP,13.8,13.9,13.15,13.85,6131100.0,0.0
2021-02-02,COOP,12.5,12.8,12.0,12.55,43800.0,-0.0938628158844764
2021-02-03,COOP,13.0,13.2,13.0,13.05,11015600.0,0.0398406374501991
2021-02-04,COOP,13.0,13.2,13.0,13.05,11015600.0,0.0
2021-02-05,COOP,13.0,13.2,13.0,13.05,11015600.0,0.0
2021-02-08,COOP,13.55,13.6,13.3,13.5,73000.0,0.0344827586206895
2021-02-09,COOP,13.55,13.6,13.3,13.5,73000.0,0.0
2021-02-10,COOP,13.55,13.6,13.3,13.5,73000.0,0.0
2021-02-11,COOP,13.55,13.6,13.3,13.5,73000.0,0.0
2021-02-12,COOP,13.55,13.6,13.3,13.5,73000.0,0.0
2021-02-15,COOP,13.55,13.6,13.3,13.5,73000.0,0.0
2021-02-16,COOP,13.55,13.6,13.3,13.5,73000.0,0.0
2021-02-17,COOP,13.55,13.6,13.3,13.5,73000.0,0.0
2021-02-18,COOP,13.55,13.6,13.3,13.5,73000.0,0.0
2021-02-19,COOP,13.55,13.6,13.3,13.5,73000.0,0.0
2021-02-22,COOP,13.55,13.6,13.3,13.5,73000.0,0.0
2021-02-23,COOP,13.55,13.6,13.3,13.5,73000.0,0.0
2021-02-24,COOP,13.55,13.6,13.3,13.5,73000.0,0.0
2021-02-25,COOP,13.55,13.6,13.3,13.5,73000.0,0.0
2021-02-26,COOP,13.55,13.6,13.3,13.5,73000.0,0.0
2021-03-01,COOP,13.55,13.6,13.3,13.5,73000.0,0.0
2021-03-02,COOP,12.55,12.8,11.8,12.0,193800.0,-0.1111111111111111
2021-03-03,COOP,13.05,13.2,13.0,13.05,318800.0,0.0875000000000001
2021-03-04,COOP,13.05,13.2,13.0,13.05,318800.0,0.0
2021-03-05,COOP,12.2,12.5,12.2,12.45,59100.0,-0.0459770114942529
2021-03-08,COOP,13.5,13.7,13.1,13.55,306000.0,0.0883534136546186
2021-03-09,COOP,13.5,13.7,13.1,13.55,306000.0,0.0
2021-03-10,COOP,13.5,13.7,13.1,13.55,306000.0,0.0
2021-03-11,COOP,13.5,13.7,13.1,13.55,306000.0,0.0
2021-03-12,COOP,13.5,13.7,13.1,13.55,306000.0,0.0
2021-03-15,COOP,13.5,13.7,13.1,13.55,306000.0,0.0
2021-03-16,COOP,13.5,13.7,13.1,13.55,306000.0,0.0
2021-03-17,COOP,13.5,13.7,13.1,13.55,306000.0,0.0
2021-03-18,COOP,13.5,13.7,13.1,13.55,306000.0,0.0
2021-03-19,COOP,13.5,13.7,13.1,13.55,306000.0,0.0
2021-03-22,COOP,13.5,13.7,13.1,13.55,306000.0,0.0
2021-03-23,COOP,13.5,13.7,13.1,13.55,306000.0,0.0
2021-03-24,COOP,13.5,13.7,13.1,13.55,306000.0,0.0
2021-03-25,COOP,13.5,13.7,13.1,13.55,306000.0,0.0
2021-03-26,COOP,13.5,13.7,13.1,13.55,306000.0,0.0
2021-03-29,COOP,13.5,13.7,13.1,13.55,306000.0,0.0
2021-03-30,COOP,13.5,13.7,13.1,13.55,306000.0,0.0
2021-03-31,COOP,13.5,13.7,13.1,13.55,306000.0,0.0
2021-04-01,COOP,12.5,13.7,12.2,12.55,248100.0,-0.07380073800738
2021-04-02,COOP,12.0,12.1,11.95,12.0,294200.0,-0.0438247011952191
2021-04-05,COOP,12.45,12.9,12.35,12.45,129900.0,0.0374999999999998
2021-04-06,COOP,12.25,12.4,12.1,12.25,1690500.0,-0.0160642570281124
2021-04-07,COOP,12.25,12.4,12.1,12.25,1690500.0,0.0
2021-04-08,COOP,13.55,13.55,13.1,13.45,83500.0,0.0979591836734692
2021-04-09,COOP,13.55,13.55,13.1,13.45,83500.0,0.0
2021-04-12,COOP,13.55,13.55,13.1,13.45,83500.0,0.0
2021-04-13,COOP,13.55,13.55,13.1,13.45,83500.0,0.0
2021-04-14,COOP,13.55,13.55,13.1,13.45,83500.0,0.0
2021-04-15,COOP,13.55,13.55,13.1,13.45,83500.0,0.0
2021-04-16,COOP,13.55,13.55,13.1,13.45,83500.0,0.0
2021-04-19,COOP,13.55,13.55,13.1,13.45,83500.0,0.0
2021-04-20,COOP,13.55,13.55,13.1,13.45,83500.0,0.0
2021-04-21,COOP,13.55,13.55,13.1,13.45,83500.0,0.0
2021-04-22,COOP,13.55,13.55,13.1,13.45,83500.0,0.0
2021-04-23,COOP,13.55,13.55,13.1,13.45,83500.0,0.0
2021-04-26,COOP,13.55,13.55,13.1,13.45,83500.0,0.0
2021-04-27,COOP,13.55,13.55,13.1,13.45,83500.0,0.0
2021-04-28,COOP,13.55,13.55,13.1,13.45,83500.0,0.0
2021-04-29,COOP,13.55,13.55,13.1,13.45,83500.0,0.0
2021-04-30,COOP,13.55,13.55,13.1,13.45,83500.0,0.0
2021-05-03,COOP,13.05,13.4,13.0,13.0,1237400.0,-0.0334572490706319
2021-05-04,COOP,13.05,13.4,13.0,13.0,1237400.0,0.0
2021-05-05,COOP,12.45,12.8,12.5,12.65,114500.0,-0.0269230769230769
2021-05-06,COOP,12.45,12.8,12.5,12.65,114500.0,0.0
2021-05-07,COOP,13.4,13.7,13.25,13.5,382500.0,0.0671936758893281
2021-05-10,COOP,13.4,13.7,13.25,13.5,382500.0,0.0
2021-05-11,COOP,13.4,13.7,13.25,13.5,382500.0,0.0
2021-05-12,COOP,13.4,13.7,13.25,13.5,382500.0,0.0
2021-05-13,COOP,13.4,13.7,13.25,13.5,382500.0,0.0
2021-05-14,COOP,13.4,13.7,13.25,13.5,382500.0,0.0
2021-05-17,COOP,13.4,13.7,13.25,13.5,382500.0,0.0
2021-05-18,COOP,13.4,13.7,13.25,13.5,382500.0,0.0
2021-05-19,COOP,13.4,13.7,13.25,13.5,382500.0,0.0
2021-05-20,COOP,13.4,13.7,13.25,13.5,382500.0,0.0
2021-05-21,COOP,13.4,13.7,13.25,13.5,382500.0,0.0
2021-05-24,COOP,13.4,13.7,13.25,13.5,382500.0,0.0
2021-05-25,COOP,13.4,13.7,13.25,13.5,382500.0,0.0
2021-05-26,COOP,13.4,13.7,13.25,13.5,382500.0,0.0
2021-05-27,COOP,13.4,13.7,13.25,13.5,382500.0,0.0
2021-05-28,COOP,13.4,13.7,13.25,13.5,382500.0,0.0
2021-05-31,COOP,13.4,13.7,13.25,13.5,382500.0,0.0
2021-06-01,COOP,12.5,12.8,12.5,12.6,117100.0,-0.0666666666666666
2021-06-02,COOP,12.5,12.8,12.5,12.6,117100.0,0.0
2021-06-03,COOP,12.5,12.8,12.5,12.6,117100.0,0.0
2021-06-04,COOP,11.95,12.1,11.85,11.95,300900.0,-0.0515873015873016
2021-06-07,COOP,13.5,13.55,13.35,13.5,262300.0,0.1297071129707114
2021-06-08,COOP,13.55,13.75,13.5,13.65,619900.0,0.011111111111111
2021-06-09,COOP,13.55,13.75,13.5,13.65,619900.0,0.0
2021-06-10,COOP,13.55,13.75,13.5,13.65,619900.0,0.0
2021-06-11,COOP,13.55,13.75,13.5,13.65,619900.0,0.0
2021-06-14,COOP,13.55,13.75,13.5,13.65,619900.0,0.0
2021-06-15,COOP,13.55,13.75,13.5,13.65,619900.0,0.0
2021-06-16,COOP,13.55,13.75,13.5,13.65,619900.0,0.0
2021-06-17,COOP,13.55,13.75,13.5,13.65,619900.0,0.0
2021-06-18,COOP,13.55,13.75,13.5,13.65,619900.0,0.0
2021-06-21,COOP,13.55,13.75,13.5,13.65,619900.0,0.0
2021-06-22,COOP,13.55,13.75,13.5,13.65,619900.0,0.0
2021-06-23,COOP,13.55,13.75,13.5,13.65,619900.0,0.0
2021-06-24,COOP,13.55,13.75,13.5,13.65,619900.0,0.0
2021-06-25,COOP,13.55,13.75,13.5,13.65,619900.0,0.0
2021-06-28,COOP,13.55,13.75,13.5,13.65,619900.0,0.0
2021-06-29,COOP,13.55,13.75,13.5,13.65,619900.0,0.0
2021-06-30,COOP,13.55,13.75,13.5,13.65,619900.0,0.0
2021-07-01,COOP,12.6,13.0,12.6,12.85,59900.0,-0.0586080586080586
2021-07-02,COOP,12.6,13.0,12.6,12.85,59900.0,0.0
2021-07-05,COOP,12.65,12.8,12.5,12.6,3198700.0,-0.0194552529182879
2021-07-06,COOP,12.25,12.2,12.1,12.15,1302500.0,-0.0357142857142857
2021-07-07,COOP,13.5,13.8,13.4,13.55,230800.0,0.1152263374485595
2021-07-08,COOP,13.5,13.8,13.4,13.55,230800.0,0.0
2021-07-09,COOP,13.5,13.8,13.4,13.55,230800.0,0.0
2021-07-12,COOP,13.5,13.8,13.4,13.55,230800.0,0.0
2021-07-13,COOP,13.5,13.8,13.4,13.55,230800.0,0.0
2021-07-14,COOP,13.5,13.8,13.4,13.55,230800.0,0.0
2021-07-15,COOP,13.5,13.8,13.4,13.55,230800.0,0.0
2021-07-16,COOP,13.5,13.8,13.4,13.55,230800.0,0.0
2021-07-19,COOP,13.5,13.8,13.4,13.55,230800.0,0.0
2021-07-20,COOP,13.5,13.8,13.4,13.55,230800.0,0.0
2021-07-21,COOP,13.5,13.8,13.4,13.55,230800.0,0.0
2021-07-22,COOP,13.5,13.8,13.4,13.55,230800.0,0.0
2021-07-23,COOP,13.5,13.8,13.4,13.55,230800.0,0.0
2021-07-26,COOP,13.5,13.8,13.4,13.55,230800.0,0.0
2021-07-27,COOP,13.5,13.8,13.4,13.55,230800.0,0.0
2021-07-28,COOP,13.5,13.8,13.4,13.55,230800.0,0.0
2021-07-29,COOP,13.5,13.8,13.4,13.55,230800.0,0.0
2021-07-30,COOP,13.5,13.8,13.4,13.55,230800.0,0.0
2021-08-02,COOP,12.2,12.8,12.2,12.5,18800.0,-0.0774907749077491
2021-08-03,COOP,13.0,13.0,12.75,12.85,40400.0,0.028
2021-08-04,COOP,11.85,12.0,11.7,11.9,72000.0,-0.0739299610894941
2021-08-05,COOP,11.85,12.0,11.7,11.9,72000.0,0.0
2021-08-06,COOP,12.15,12.45,12.2,12.3,932200.0,0.0336134453781513
2021-08-09,COOP,12.15,12.45,12.2,12.3,932200.0,0.0
2021-08-10,COOP,12.15,12.45,12.2,12.3,932200.0,0.0
2021-08-11,COOP,12.15,12.45,12.2,12.3,932200.0,0.0
2021-08-12,COOP,12.15,12.45,12.2,12.3,932200.0,0.0
2021-08-13,COOP,12.15,12.45,12.2,12.3,932200.0,0.0
2021-08-16,COOP,12.15,12.45,12.2,12.3,932200.0,0.0
2021-08-17,COOP,12.15,12.45,12.2,12.3,932200.0,0.0
2021-08-18,COOP,12.15,12.45,12.2,12.3,932200.0,0.0
2021-08-19,COOP,12.15,12.45,12.2,12.3,932200.0,0.0
2021-08-20,COOP,12.15,12.45,12.2,12.3,932200.0,0.0
2021-08-23,COOP,12.15,12.45,12.2,12.3,932200.0,0.0
2021-08-24,COOP,12.15,12.45,12.2,12.3,932200.0,0.0
2021-08-25,COOP,12.15,12.45,12.2,12.3,932200.0,0.0
2021-08-26,COOP,12.15,12.45,12.2,12.3,932200.0,0.0
2021-08-27,COOP,12.15,12.45,12.2,12.3,932200.0,0.0
2021-08-30,COOP,12.15,12.45,12.2,12.3,932200.0,0.0
2021-08-31,COOP,12.15,12.45,12.2,12.3,932200.0,0.0
2021-09-01,COOP,12.15,12.45,12.2,12.3,932200.0,0.0
2021-09-02,COOP,12.5,12.75,12.2,12.5,62600.0,0.0162601626016258
2021-09-03,COOP,12.85,13.0,12.05,12.65,54800.0,0.012
2021-09-06,COOP,12.3,12.4,12.2,12.25,188900.0,-0.0316205533596838
2021-09-07,COOP,13.6,13.75,13.2,13.5,416500.0,0.1020408163265305
2021-09-08,COOP,13.65,13.8,13.55,13.65,63400.0,0.011111111111111
2021-09-09,COOP,13.65,13.8,13.55,13.65,63400.0,0.0
2021-09-10,COOP,13.65,13.8,13.55,13.65,63400.0,0.0
2021-09-13,COOP,13.65,13.8,13.55,13.65,63400.0,0.0
2021-09-14,COOP,13.65,13.8,13.55,13.65,63400.0,0.0
2021-09-15,COOP,13.65,13.8,13.55,13.65,63400.0,0.0
2021-09-16,COOP,13.65,13.8,13.55,13.65,63400.0,0.0
2021-09-17,COOP,13.65,13.8,13.55,13.65,63400.0,0.0
2021-09-20,COOP,13.65,13.8,13.55,13.65,63400.0,0.0
2021-09-21,COOP,13.65,13.8,13.55,13.65,63400.0,0.0
2021-09-22,COOP,13.65,13.8,13.55,13.65,63400.0,0.0
2021-09-23,COOP,13.65,13.8,13.55,13.65,63400.0,0.0
2021-09-24,COOP,13.65,13.8,13.55,13.65,63400.0,0.0
2021-09-27,COOP,13.65,13.8,13.55,13.65,63400.0,0.0
2021-09-28,COOP,13.65,13.8,13.55,13.65,63400.0,0.0
2021-09-29,COOP,13.65,13.8,13.55,13.65,63400.0,0.0
2021-09-30,COOP,13.65,13.8,13.55,13.65,63400.0,0.0
2021-10-01,COOP,13.65,13.8,13.55,13.65,63400.0,0.0
2021-10-04,COOP,13.65,13.8,13.55,13.65,63400.0,0.0
2021-10-05,COOP,12.6,12.65,12.45,12.55,810500.0,-0.0805860805860805
2021-10-06,COOP,12.25,12.4,12.15,12.3,220500.0,-0.0199203187250995
2021-10-07,COOP,12.25,12.4,12.15,12.3,220500.0,0.0
2021-10-08,COOP,13.65,13.8,13.65,13.8,7795300.0,0.121951219512195
2021-10-11,COOP,13.65,13.8,13.65,13.8,7795300.0,0.0
2021-10-12,COOP,13.65,13.8,13.65,13.8,7795300.0,0.0
2021-10-13,COOP,13.65,13.8,13.65,13.8,7795300.0,0.0
2021-10-14,COOP,13.65,13.8,13.65,13.8,7795300.0,0.0
2021-10-15,COOP,13.65,13.8,13.65,13.8,7795300.0,0.0
2021-10-18,COOP,13.65,13.8,13.65,13.8,7795300.0,0.0
2021-10-19,COOP,13.65,13.8,13.65,13.8,7795300.0,0.0
2021-10-20,COOP,13.65,13.8,13.65,13.8,7795300.0,0.0
2021-10-21,COOP,13.65,13.8,13.65,13.8,7795300.0,0.0
2021-10-22,COOP,13.65,13.8,13.65,13.8,7795300.0,0.0
2021-10-25,COOP,13.65,13.8,13.65,13.8,7795300.0,0.0
2021-10-26,COOP,13.65,13.8,13.65,13.8,7795300.0,0.0
2021-10-27,COOP,13.65,13.8,13.65,13.8,7795300.0,0.0
2021-10-28,COOP,13.65,13.8,13.65,13.8,7795300.0,0.0
2021-10-29,COOP,13.65,13.8,13.65,13.8,7795300.0,0.0
2021-11-01,COOP,13.0,13.2,13.0,13.1,140700.0,-0.0507246376811595
2021-11-02,COOP,12.55,12.85,12.5,12.7,342100.0,-0.0305343511450382
2021-11-03,COOP,12.85,13.0,12.7,12.9,68000.0,0.0157480314960631
2021-11-04,COOP,12.85,13.0,12.7,12.9,68000.0,0.0
2021-11-05,COOP,12.55,12.5,12.1,12.5,519800.0,-0.0310077519379845
2021-11-08,COOP,13.8,13.8,13.7,13.75,127300.0,0.1
2021-11-09,COOP,13.8,13.8,13.7,13.75,127300.0,0.0
2021-11-10,COOP,13.8,13.8,13.7,13.75,127300.0,0.0
2021-11-11,COOP,13.8,13.8,13.7,13.75,127300.0,0.0
2021-11-12,COOP,13.8,13.8,13.7,13.75,127300.0,0.0
2021-11-15,COOP,13.8,13.8,13.7,13.75,127300.0,0.0
2021-11-16,COOP,13.8,13.8,13.7,13.75,127300.0,0.0
2021-11-17,COOP,13.8,13.8,13.7,13.75,127300.0,0.0
2021-11-18,COOP,13.8,13.8,13.7,13.75,127300.0,0.0
2021-11-19,COOP,13.8,13.8,13.7,13.75,127300.0,0.0
2021-11-22,COOP,13.8,13.8,13.7,13.75,127300.0,0.0
2021-11-23,COOP,13.8,13.8,13.7,13.75,127300.0,0.0
2021-11-24,COOP,13.8,13.8,13.7,13.75,127300.0,0.0
2021-11-25,COOP,13.8,13.8,13.7,13.75,127300.0,0.0
2021-11-26,COOP,13.8,13.8,13.7,13.75,127300.0,0.0
2021-11-29,COOP,13.8,13.8,13.7,13.75,127300.0,0.0
2021-11-30,COOP,13.8,13.8,13.7,13.75,127300.0,0.0
2021-12-01,COOP,13.1,13.2,13.0,13.15,930300.0,-0.0436363636363635
2021-12-02,COOP,12.7,12.9,12.6,12.7,132200.0,-0.0342205323193917
2021-12-03,COOP,12.9,13.0,12.9,12.95,95600.0,0.0196850393700787
2021-12-06,COOP,12.9,13.0,12.9,12.95,95600.0,0.0
2021-12-07,COOP,13.5,13.75,13.2,13.55,69800.0,0.0463320463320464
2021-12-08,COOP,13.75,13.8,13.65,13.7,61500.0,0.0110701107011068
2021-12-09,COOP,13.75,13.8,13.65,13.7,61500.0,0.0
2021-12-10,COOP,13.75,13.8,13.65,13.7,61500.0,0.0
2021-12-13,COOP,13.75,13.8,13.65,13.7,61500.0,0.0
2021-12-14,COOP,13.75,13.8,13.65,13.7,61500.0,0.0
2021-12-15,COOP,13.75,13.8,13.65,13.7,61500.0,0.0
2021-12-16,COOP,13.75,13.8,13.65,13.7,61500.0,0.0
2021-12-17,COOP,13.75,13.8,13.65,13.7,61500.0,0.0
2021-12-20,COOP,13.75,13.8,13.65,13.7,61500.0,0.0
2021-12-21,COOP,13.75,13.8,13.65,13.7,61500.0,0.0
2021-12-22,COOP,13.75,13.8,13.65,13.7,61500.0,0.0
2021-12-23,COOP,13.75,13.8,13.65,13.7,61500.0,0.0
2021-12-24,COOP,13.75,13.8,13.65,13.7,61500.0,0.0
2021-12-27,COOP,13.75,13.8,13.65,13.7,61500.0,0.0
2021-12-28,COOP,13.75,13.8,13.65,13.7,61500.0,0.0
2021-12-29,COOP,13.75,13.8,13.65,13.7,61500.0,0.0
2021-12-30,COOP,13.75,13.8,13.65,13.7,61500.0,0.0
2021-12-31,COOP,13.75,13.8,13.65,13.7,61500.0,0.0
2022-01-03,COOP,12.9,13.0,12.85,12.95,55000.0,-0.0547445255474452
2022-01-04,COOP,12.85,13.0,12.5,12.6,390900.0,-0.0270270270270269
2022-01-05,COOP,12.85,13.0,12.5,12.6,390900.0,0.0
2022-01-06,COOP,12.85,13.0,12.5,12.6,390900.0,0.0
2022-01-07,COOP,10.9,11.5,10.95,11.0,322500.0,-0.1269841269841269
2022-01-10,COOP,10.9,11.5,10.95,11.0,322500.0,0.0
2022-01-11,COOP,11.8,11.9,11.5,11.65,203700.0,0.059090909090909
2022-01-12,COOP,12.0,12.2,11.95,12.0,522500.0,0.0300429184549355
2022-01-13,COOP,12.0,12.2,11.95,12.0,522500.0,0.0
2022-01-14,COOP,12.0,12.2,11.95,12.0,522500.0,0.0
2022-01-17,COOP,12.0,12.2,11.95,12.0,522500.0,0.0
2022-01-18,COOP,12.0,12.2,11.95,12.0,522500.0,0.0
2022-01-19,COOP,12.0,12.2,11.95,12.0,522500.0,0.0
2022-01-20,COOP,12.0,12.2,11.95,12.0,522500.0,0.0
2022-01-21,COOP,12.0,12.2,11.95,12.0,522500.0,0.0
2022-01-24,COOP,12.0,12.2,11.95,12.0,522500.0,0.0
2022-01-25,COOP,12.0,12.2,11.95,12.0,522500.0,0.0
2022-01-26,COOP,12.0,12.2,11.95,12.0,522500.0,0.0
2022-01-27,COOP,12.0,12.2,11.95,12.0,522500.0,0.0
2022-01-28,COOP,12.0,12.2,11.95,12.0,522500.0,0.0
2022-01-31,COOP,12.0,12.2,11.95,12.0,522500.0,0.0
2022-02-01,COOP,12.0,12.2,11.95,12.0,522500.0,0.0
2022-02-02,COOP,12.95,13.05,12.95,13.0,483500.0,0.0833333333333332
2022-02-03,COOP,12.95,13.05,12.85,12.95,45400.0,-0.0038461538461539
2022-02-04,COOP,12.95,13.05,12.85,12.95,45400.0,0.0
2022-02-07,COOP,12.95,13.05,12.85,12.95,45400.0,0.0
2022-02-08,COOP,11.65,11.75,11.45,11.55,264500.0,-0.108108108108108
2022-02-09,COOP,12.4,12.5,12.3,12.35,617100.0,0.0692640692640691
2022-02-10,COOP,12.4,12.5,12.3,12.35,617100.0,0.0
2022-02-11,COOP,11.65,11.9,11.7,11.8,53500.0,-0.0445344129554654
2022-02-14,COOP,11.65,11.9,11.7,11.8,53500.0,0.0
2022-02-15,COOP,11.65,11.9,11.7,11.8,53500.0,0.0
2022-02-16,COOP,11.65,11.9,11.7,11.8,53500.0,0.0
2022-02-17,COOP,11.65,11.9,11.7,11.8,53500.0,0.0
2022-02-18,COOP,11.65,11.9,11.7,11.8,53500.0,0.0
2022-02-21,COOP,11.65,11.9,11.7,11.8,53500.0,0.0
2022-02-22,COOP,11.65,11.9,11.7,11.8,53500.0,0.0
2022-02-23,COOP,11.65,11.9,11.7,11.8,53500.0,0.0
2022-02-24,COOP,11.65,11.9,11.7,11.8,53500.0,0.0
2022-02-25,COOP,11.65,11.9,11.7,11.8,53500.0,0.0
2022-02-28,COOP,11.65,11.9,11.7,11.8,53500.0,0.0
2022-03-01,COOP,12.95,13.5,12.9,13.0,100000.0,0.1016949152542372
2022-03-02,COOP,13.0,13.1,12.95,13.05,2768200.0,0.0038461538461538
2022-03-03,COOP,12.95,13.05,12.85,13.0,80200.0,-0.0038314176245211
2022-03-04,COOP,12.95,13.05,12.85,13.0,80200.0,0.0
2022-03-07,COOP,12.95,13.05,12.85,13.0,80200.0,0.0
2022-03-08,COOP,11.55,11.8,11.4,11.6,113300.0,-0.1076923076923077
2022-03-09,COOP,11.55,11.8,11.4,11.6,113300.0,0.0
2022-03-10,COOP,11.85,12.0,11.65,11.75,199000.0,0.0129310344827586
2022-03-11,COOP,11.8,11.8,11.7,11.75,190500.0,0.0
2022-03-14,COOP,11.8,11.8,11.7,11.75,190500.0,0.0
2022-03-15,COOP,11.8,11.8,11.7,11.75,190500.0,0.0
2022-03-16,COOP,11.8,11.8,11.7,11.75,190500.0,0.0
2022-03-17,COOP,11.8,11.8,11.7,11.75,190500.0,0.0
2022-03-18,COOP,11.8,11.8,11.7,11.75,190500.0,0.0
2022-03-21,COOP,11.8,11.8,11.7,11.75,190500.0,0.0
2022-03-22,COOP,11.8,11.8,11.7,11.75,190500.0,0.0
2022-03-23,COOP,11.8,11.8,11.7,11.75,190500.0,0.0
2022-03-24,COOP,11.8,11.8,11.7,11.75,190500.0,0.0
2022-03-25,COOP,11.8,11.8,11.7,11.75,190500.0,0.0
2022-03-28,COOP,11.8,11.8,11.7,11.75,190500.0,0.0
2022-03-29,COOP,11.8,11.8,11.7,11.75,190500.0,0.0
2022-03-30,COOP,11.8,11.8,11.7,11.75,190500.0,0.0
2022-03-31,COOP,11.8,11.8,11.7,11.75,190500.0,0.0
2022-04-01,COOP,13.0,13.45,12.9,12.95,53000.0,0.102127659574468
2022-04-04,COOP,12.6,13.0,12.5,12.75,54800.0,-0.0154440154440154
2022-04-05,COOP,12.7,12.65,12.45,12.55,184200.0,-0.0156862745098038
2022-04-06,COOP,12.7,12.65,12.45,12.55,184200.0,0.0
2022-04-07,COOP,10.9,11.5,10.95,11.0,322500.0,-0.1235059760956175
2022-04-08,COOP,11.6,11.8,11.4,11.55,504100.0,0.05
2022-04-11,COOP,11.75,12.0,11.7,11.75,101000.0,0.0173160173160171
2022-04-12,COOP,11.75,12.0,11.7,11.75,101000.0,0.0
2022-04-13,COOP,11.75,12.0,11.7,11.75,101000.0,0.0
2022-04-14,COOP,11.75,12.0,11.7,11.75,101000.0,0.0
2022-04-15,COOP,11.75,12.0,11.7,11.75,101000.0,0.0
2022-04-18,COOP,11.75,12.0,11.7,11.75,101000.0,0.0
2022-04-19,COOP,11.75,12.0,11.7,11.75,101000.0,0.0
2022-04-20,COOP,11.75,12.0,11.7,11.75,101000.0,0.0
2022-04-21,COOP,11.75,12.0,11.7,11.75,101000.0,0.0
2022-04-22,COOP,11.75,12.0,11.7,11.75,101000.0,0.0
2022-04-25,COOP,11.75,12.0,11.7,11.75,101000.0,0.0
2022-04-26,COOP,11.75,12.0,11.7,11.75,101000.0,0.0
2022-04-27,COOP,11.75,12.0,11.7,11.75,101000.0,0.0
2022-04-28,COOP,11.75,12.0,11.7,11.75,101000.0,0.0
2022-04-29,COOP,11.75,12.0,11.7,11.75,101000.0,0.0
2022-05-02,COOP,11.75,12.0,11.7,11.75,101000.0,0.0
2022-05-03,COOP,11.75,12.0,11.7,11.75,101000.0,0.0
2022-05-04,COOP,12.75,13.0,12.5,12.8,158000.0,0.0893617021276595
2022-05-05,COOP,12.55,12.65,12.35,12.5,203600.0,-0.0234375
2022-05-06,COOP,12.55,12.65,12.35,12.5,203600.0,0.0
2022-05-09,COOP,12.35,12.45,12.0,12.05,7684000.0,-0.0359999999999999
2022-05-10,COOP,11.75,11.9,11.75,11.8,32600.0,-0.020746887966805
2022-05-11,COOP,11.75,11.9,11.75,11.8,32600.0,0.0
2022-05-12,COOP,12.05,12.0,11.65,11.95,113900.0,0.0127118644067796
2022-05-13,COOP,12.05,12.0,11.65,11.95,113900.0,0.0
2022-05-16,COOP,12.05,12.0,11.65,11.95,113900.0,0.0
2022-05-17,COOP,12.05,12.0,11.65,11.95,113900.0,0.0
2022-05-18,COOP,12.05,12.0,11.65,11.95,113900.0,0.0
2022-05-19,COOP,12.05,12.0,11.65,11.95,113900.0,0.0
2022-05-20,COOP,12.05,12.0,11.65,11.95,113900.0,0.0
2022-05-23,COOP,12.05,12.0,11.65,11.95,113900.0,0.0
2022-05-24,COOP,12.05,12.0,11.65,11.95,113900.0,0.0
2022-05-25,COOP,12.05,12.0,11.65,11.95,113900.0,0.0
2022-05-26,COOP,12.05,12.0,11.65,11.95,113900.0,0.0
2022-05-27,COOP,12.05,12.0,11.65,11.95,113900.0,0.0
2022-05-30,COOP,12.05,12.0,11.65,11.95,113900.0,0.0
2022-05-31,COOP,12.05,12.0,11.65,11.95,113900.0,0.0
2022-06-01,COOP,13.0,13.45,12.85,13.0,88800.0,0.087866108786611
2022-06-02,COOP,13.0,13.45,12.85,13.0,88800.0,0.0
2022-06-03,COOP,13.0,13.45,12.85,13.0,88800.0,0.0
2022-06-06,COOP,10.95,11.3,10.95,11.1,121100.0,-0.1461538461538462
2022-06-07,COOP,11.2,11.5,11.0,11.3,150000.0,0.018018018018018
2022-06-08,COOP,11.2,11.5,11.0,11.3,150000.0,0.0
2022-06-09,COOP,12.05,12.9,12.35,12.7,116100.0,0.1238938053097344
2022-06-10,COOP,11.8,11.9,11.65,11.75,156700.0,-0.0748031496062991
2022-06-13,COOP,11.8,11.9,11.65,11.75,156700.0,0.0
2022-06-14,COOP,11.8,11.9,11.65,11.75,156700.0,0.0
2022-06-15,COOP,11.8,11.9,11.65,11.75,156700.0,0.0
2022-06-16,COOP,11.8,11.9,11.65,11.75,156700.0,0.0
2022-06-17,COOP,11.8,11.9,11.65,11.75,156700.0,0.0
2022-06-20,COOP,11.8,11.9,11.65,11.75,156700.0,0.0
2022-06-21,COOP,11.8,11.9,11.65,11.75,156700.0,0.0
2022-06-22,COOP,11.8,11.9,11.65,11.75,156700.0,0.0
2022-06-23,COOP,11.8,11.9,11.65,11.75,156700.0,0.0
2022-06-24,COOP,11.8,11.9,11.65,11.75,156700.0,0.0
2022-06-27,COOP,11.8,11.9,11.65,11.75,156700.0,0.0
2022-06-28,COOP,11.8,11.9,11.65,11.75,156700.0,0.0
2022-06-29,COOP,11.8,11.9,11.65,11.75,156700.0,0.0
2022-06-30,COOP,11.8,11.9,11.65,11.75,156700.0,0.0
2022-07-01,COOP,13.0,13.4,12.8,12.95,169800.0,0.102127659574468
2022-07-04,COOP,12.8,13.15,12.6,12.75,30800.0,-0.0154440154440154
2022-07-05,COOP,12.8,13.15,12.6,12.75,30800.0,0.0
2022-07-06,COOP,11.1,11.5,11.0,11.1,149700.0,-0.1294117647058823
2022-07-07,COOP,11.3,11.5,11.2,11.4,312400.0,0.0270270270270271
2022-07-08,COOP,11.3,11.5,11.2,11.4,312400.0,0.0
2022-07-11,COOP,11.75,12.0,11.8,11.9,39500.0,0.0438596491228069
2022-07-12,COOP,11.85,12.0,11.9,12.0,83100.0,0.0084033613445377
2022-07-13,COOP,11.85,12.0,11.9,12.0,83100.0,0.0
2022-07-14,COOP,11.85,12.0,11.9,12.0,83100.0,0.0
2022-07-15,COOP,11.85,12.0,11.9,12.0,83100.0,0.0
2022-07-18,COOP,11.85,12.0,11.9,12.0,83100.0,0.0
2022-07-19,COOP,11.85,12.0,11.9,12.0,83100.0,0.0
2022-07-20,COOP,11.85,12.0,11.9,12.0,83100.0,0.0
2022-07-21,COOP,11.85,12.0,11.9,12.0,83100.0,0.0
2022-07-22,COOP,11.85,12.0,11.9,12.0,83100.0,0.0
2022-07-25,COOP,11.85,12.0,11.9,12.0,83100.0,0.0
2022-07-26,COOP,11.85,12.0,11.9,12.0,83100.0,0.0
2022-07-27,COOP,11.85,12.0,11.9,12.0,83100.0,0.0
2022-07-28,COOP,11.85,12.0,11.9,12.0,83100.0,0.0
2022-07-29,COOP,11.85,12.0,11.9,12.0,83100.0,0.0
2022-08-01,COOP,11.85,12.0,11.9,12.0,83100.0,0.0
2022-08-02,COOP,12.95,13.0,12.85,13.0,1297600.0,0.0833333333333332
2022-08-03,COOP,12.95,13.0,12.85,12.9,171700.0,-0.0076923076923076
2022-08-04,COOP,12.75,13.0,12.5,12.7,56000.0,-0.0155038759689922
2022-08-05,COOP,12.75,13.0,12.5,12.7,56000.0,0.0
2022-08-08,COOP,11.9,12.75,12.0,12.35,120900.0,-0.0275590551181101
2022-08-09,COOP,12.65,12.8,12.5,12.65,151400.0,0.0242914979757085
2022-08-10,COOP,12.65,12.8,12.5,12.65,151400.0,0.0
2022-08-11,COOP,11.9,12.35,11.7,11.95,49400.0,-0.0553359683794467
2022-08-12,COOP,12.0,12.5,12.0,12.2,90500.0,0.0209205020920502
2022-08-15,COOP,12.0,12.5,12.0,12.2,90500.0,0.0
2022-08-16,COOP,12.0,12.5,12.0,12.2,90500.0,0.0
2022-08-17,COOP,12.0,12.5,12.0,12.2,90500.0,0.0
2022-08-18,COOP,12.0,12.5,12.0,12.2,90500.0,0.0
2022-08-19,COOP,12.0,12.5,12.0,12.2,90500.0,0.0
2022-08-22,COOP,12.0,12.5,12.0,12.2,90500.0,0.0
2022-08-23,COOP,12.0,12.5,12.0,12.2,90500.0,0.0
2022-08-24,COOP,12.0,12.5,12.0,12.2,90500.0,0.0
2022-08-25,COOP,12.0,12.5,12.0,12.2,90500.0,0.0
2022-08-26,COOP,12.0,12.5,12.0,12.2,90500.0,0.0
2022-08-29,COOP,12.0,12.5,12.0,12.2,90500.0,0.0
2022-08-30,COOP,12.0,12.5,12.0,12.2,90500.0,0.0
2022-08-31,COOP,12.0,12.5,12.0,12.2,90500.0,0.0
2022-09-01,COOP,12.0,12.5,12.0,12.2,90500.0,0.0
2022-09-02,COOP,13.0,13.0,12.85,12.9,672400.0,0.057377049180328
2022-09-05,COOP,12.35,12.5,12.35,12.5,408100.0,-0.0310077519379845
2022-09-06,COOP,10.95,11.1,10.5,10.8,215700.0,-0.1359999999999999
2022-09-07,COOP,10.95,11.1,10.5,10.8,215700.0,0.0
2022-09-08,COOP,10.95,11.1,10.5,10.8,215700.0,0.0
2022-09-09,COOP,12.65,12.8,12.4,12.55,268100.0,0.1620370370370369
2022-09-12,COOP,12.2,12.45,12.0,12.1,199700.0,-0.0358565737051793
2022-09-13,COOP,12.2,12.45,12.0,12.1,199700.0,0.0
2022-09-14,COOP,12.2,12.45,12.0,12.1,199700.0,0.0
2022-09-15,COOP,12.2,12.45,12.0,12.1,199700.0,0.0
2022-09-16,COOP,12.2,12.45,12.0,12.1,199700.0,0.0
2022-09-19,COOP,12.2,12.45,12.0,12.1,199700.0,0.0
2022-09-20,COOP,12.2,12.45,12.0,12.1,199700.0,0.0
2022-09-21,COOP,12.2,12.45,12.0,12.1,199700.0,0.0
2022-09-22,COOP,12.2,12.45,12.0,12.1,199700.0,0.0
2022-09-23,COOP,12.2,12.45,12.0,12.1,199700.0,0.0
2022-09-26,COOP,12.2,12.45,12.0,12.1,199700.0,0.0
2022-09-27,COOP,12.2,12.45,12.0,12.1,199700.0,0.0
2022-09-28,COOP,12.2,12.45,12.0,12.1,199700.0,0.0
2022-09-29,COOP,12.2,12.45,12.0,12.1,199700.0,0.0
2022-09-30,COOP,12.2,12.45,12.0,12.1,199700.0,0.0
2022-10-03,COOP,12.85,13.1,12.75,12.95,74500.0,0.0702479338842974
2022-10-04,COOP,12.85,13.1,12.75,12.95,74500.0,0.0
2022-10-05,COOP,12.5,12.5,12.35,12.5,180700.0,-0.0347490347490346
2022-10-06,COOP,10.8,11.45,10.85,10.9,341700.0,-0.128
2022-10-07,COOP,10.8,11.45,10.85,10.9,341700.0,0.0
2022-10-10,COOP,10.8,11.45,10.85,10.9,341700.0,0.0
2022-10-11,COOP,11.95,12.0,11.7,11.8,85200.0,0.0825688073394494
2022-10-12,COOP,11.95,12.0,11.7,11.8,85200.0,0.0
2022-10-13,COOP,11.95,12.0,11.7,11.8,85200.0,0.0
2022-10-14,COOP,11.95,12.0,11.7,11.8,85200.0,0.0
2022-10-17,COOP,11.95,12.0,11.7,11.8,85200.0,0.0
2022-10-18,COOP,11.95,12.0,11.7,11.8,85200.0,0.0
2022-10-19,COOP,11.95,12.0,11.7,11.8,85200.0,0.0
2022-10-20,COOP,11.95,12.0,11.7,11.8,85200.0,0.0
2022-10-21,COOP,11.95,12.0,11.7,11.8,85200.0,0.0
2022-10-24,COOP,11.95,12.0,11.7,11.8,85200.0,0.0
2022-10-25,COOP,11.95,12.0,11.7,11.8,85200.0,0.0
2022-10-26,COOP,11.95,12.0,11.7,11.8,85200.0,0.0
2022-10-27,COOP,11.95,12.0,11.7,11.8,85200.0,0.0
2022-10-28,COOP,11.95,12.0,11.7,11.8,85200.0,0.0
2022-10-31,COOP,11.95,12.0,11.7,11.8,85200.0,0.0
2022-11-01,COOP,12.8,13.1,12.45,12.8,217600.0,0.0847457627118644
2022-11-02,COOP,12.85,13.05,12.85,12.95,1060300.0,0.0117187499999997
2022-11-03,COOP,12.95,12.95,12.7,12.85,58600.0,-0.0077220077220077
2022-11-04,COOP,12.7,12.8,12.5,12.55,74000.0,-0.0233463035019454
2022-11-07,COOP,12.7,12.8,12.5,12.55,74000.0,0.0
2022-11-08,COOP,12.55,13.0,12.6,12.8,146300.0,0.0199203187250995
2022-11-09,COOP,12.55,13.0,12.6,12.8,146300.0,0.0
2022-11-10,COOP,11.85,12.5,11.8,11.9,47200.0,-0.0703125
2022-11-11,COOP,11.8,12.0,11.8,11.85,72500.0,-0.004201680672269
2022-11-14,COOP,11.8,12.0,11.8,11.85,72500.0,0.0
2022-11-15,COOP,11.8,12.0,11.8,11.85,72500.0,0.0
2022-11-16,COOP,11.8,12.0,11.8,11.85,72500.0,0.0
2022-11-17,COOP,11.8,12.0,11.8,11.85,72500.0,0.0
2022-11-18,COOP,11.8,12.0,11.8,11.85,72500.0,0.0
2022-11-21,COOP,11.8,12.0,11.8,11.85,72500.0,0.0
2022-11-22,COOP,11.8,12.0,11.8,11.85,72500.0,0.0
2022-11-23,COOP,11.8,12.0,11.8,11.85,72500.0,0.0
2022-11-24,COOP,11.8,12.0,11.8,11.85,72500.0,0.0
2022-11-25,COOP,11.8,12.0,11.8,11.85,72500.0,0.0
2022-11-28,COOP,11.8,12.0,11.8,11.85,72500.0,0.0
2022-11-29,COOP,11.8,12.0,11.8,11.85,72500.0,0.0
2022-11-30,COOP,11.8,12.0,11.8,11.85,72500.0,0.0
2022-12-01,COOP,12.8,13.0,12.5,12.75,75800.0,0.0759493670886075
2022-12-02,COOP,12.8,13.0,12.5,12.75,75800.0,0.0
2022-12-05,COOP,12.4,12.5,12.0,12.25,262700.0,-0.0392156862745097
2022-12-06,COOP,12.4,12.5,12.0,12.25,262700.0,0.0
2022-12-07,COOP,11.5,11.5,10.9,11.15,659500.0,-0.0897959183673469
2022-12-08,COOP,12.8,13.0,12.5,12.8,176800.0,0.147982062780269
2022-12-09,COOP,12.55,12.9,12.35,12.45,1646000.0,-0.0273437500000001
2022-12-12,COOP,12.55,12.9,12.35,12.45,1646000.0,0.0
2022-12-13,COOP,12.55,12.9,12.35,12.45,1646000.0,0.0
2022-12-14,COOP,12.55,12.9,12.35,12.45,1646000.0,0.0
2022-12-15,COOP,12.55,12.9,12.35,12.45,1646000.0,0.0
2022-12-16,COOP,12.55,12.9,12.35,12.45,1646000.0,0.0
2022-12-19,COOP,12.55,12.9,12.35,12.45,1646000.0,0.0
2022-12-20,COOP,12.55,12.9,12.35,12.45,1646000.0,0.0
2022-12-21,COOP,12.55,12.9,12.35,12.45,1646000.0,0.0
2022-12-22,COOP,12.55,12.9,12.35,12.45,1646000.0,0.0
2022-12-23,COOP,12.55,12.9,12.35,12.45,1646000.0,0.0
2022-12-26,COOP,12.55,12.9,12.35,12.45,1646000.0,0.0
2022-12-27,COOP,12.55,12.9,12.35,12.45,1646000.0,0.0
2022-12-28,COOP,12.55,12.9,12.35,12.45,1646000.0,0.0
2022-12-29,COOP,12.55,12.9,12.35,12.45,1646000.0,0.0
2022-12-30,COOP,12.55,12.9,12.35,12.45,1646000.0,0.0
2023-01-02,COOP,12.45,12.5,12.2,12.4,48000.0,-0.004016064257028
2023-01-03,COOP,12.65,12.9,12.55,12.7,57200.0,0.0241935483870967
2023-01-04,COOP,12.65,12.9,12.55,12.7,57200.0,0.0
2023-01-05,COOP,12.65,12.9,12.55,12.7,57200.0,0.0
2023-01-06,COOP,12.65,12.9,12.55,12.7,57200.0,0.0
2023-01-09,COOP,11.65,12.3,11.6,11.85,213600.0,-0.0669291338582677
2023-01-10,COOP,11.65,12.3,11.6,11.85,213600.0,0.0
2023-01-11,COOP,11.7,11.9,11.5,11.65,101100.0,-0.0168776371308015
2023-01-12,COOP,11.45,11.5,11.3,11.4,95800.0,-0.0214592274678111
2023-01-13,COOP,11.45,11.5,11.3,11.4,95800.0,0.0
2023-01-16,COOP,11.45,11.5,11.3,11.4,95800.0,0.0
2023-01-17,COOP,11.45,11.5,11.3,11.4,95800.0,0.0
2023-01-18,COOP,11.45,11.5,11.3,11.4,95800.0,0.0
2023-01-19,COOP,11.45,11.5,11.3,11.4,95800.0,0.0
2023-01-20,COOP,11.45,11.5,11.3,11.4,95800.0,0.0
2023-01-23,COOP,11.45,11.5,11.3,11.4,95800.0,0.0
2023-01-24,COOP,11.45,11.5,11.3,11.4,95800.0,0.0
2023-01-25,COOP,11.45,11.5,11.3,11.4,95800.0,0.0
2023-01-26,COOP,11.45,11.5,11.3,11.4,95800.0,0.0
2023-01-27,COOP,11.45,11.5,11.3,11.4,95800.0,0.0
2023-01-30,COOP,11.45,11.5,11.3,11.4,95800.0,0.0
2023-01-31,COOP,11.45,11.5,11.3,11.4,95800.0,0.0
2023-02-01,COOP,11.45,11.5,11.3,11.4,95800.0,0.0
2023-02-02,COOP,12.4,12.5,12.3,12.45,80500.0,0.0921052631578946
2023-02-03,COOP,12.7,12.9,12.35,12.7,462800.0,0.0200803212851405
2023-02-06,COOP,12.1,12.2,11.8,12.1,594300.0,-0.047244094488189
2023-02-07,COOP,12.1,12.2,11.8,12.1,594300.0,0.0
2023-02-08,COOP,11.95,12.1,11.9,11.95,139600.0,-0.0123966942148761
2023-02-09,COOP,11.95,12.1,11.9,11.95,139600.0,0.0
2023-02-10,COOP,11.8,11.95,11.7,11.8,145500.0,-0.0125523012552299
2023-02-13,COOP,11.8,11.95,11.7,11.8,145500.0,0.0
2023-02-14,COOP,11.8,11.95,11.7,11.8,145500.0,0.0
2023-02-15,COOP,11.8,11.95,11.7,11.8,145500.0,0.0
2023-02-16,COOP,11.8,11.95,11.7,11.8,145500.0,0.0
2023-02-17,COOP,11.8,11.95,11.7,11.8,145500.0,0.0
2023-02-20,COOP,11.8,11.95,11.7,11.8,145500.0,0.0
2023-02-21,COOP,11.8,11.95,11.7,11.8,145500.0,0.0
2023-02-22,COOP,11.8,11.95,11.7,11.8,145500.0,0.0
2023-02-23,COOP,11.8,11.95,11.7,11.8,145500.0,0.0
2023-02-24,COOP,11.8,11.95,11.7,11.8,145500.0,0.0
2023-02-27,COOP,11.8,11.95,11.7,11.8,145500.0,0.0
2023-02-28,COOP,11.8,11.95,11.7,11.8,145500.0,0.0
2023-03-01,COOP,12.3,12.5,12.0,12.1,149800.0,0.0254237288135592
2023-03-02,COOP,12.45,12.5,12.25,12.45,112100.0,0.0289256198347107
2023-03-03,COOP,12.45,12.5,12.25,12.45,112100.0,0.0
2023-03-06,COOP,12.45,12.5,12.25,12.45,112100.0,0.0
2023-03-07,COOP,12.2,12.3,12.1,12.15,50600.0,-0.0240963855421686
2023-03-08,COOP,11.95,12.2,11.95,12.0,73000.0,-0.0123456790123457
2023-03-09,COOP,11.95,12.2,11.95,12.0,73000.0,0.0
2023-03-10,COOP,11.8,11.95,11.7,11.8,145500.0,-0.0166666666666666
2023-03-13,COOP,11.8,11.95,11.7,11.8,145500.0,0.0
2023-03-14,COOP,11.8,11.95,11.7,11.8,145500.0,0.0
2023-03-15,COOP,11.8,11.95,11.7,11.8,145500.0,0.0
2023-03-16,COOP,11.8,11.95,11.7,11.8,145500.0,0.0
2023-03-17,COOP,11.8,11.95,11.7,11.8,145500.0,0.0
2023-03-20,COOP,11.8,11.95,11.7,11.8,145500.0,0.0
2023-03-21,COOP,11.8,11.95,11.7,11.8,145500.0,0.0
2023-03-22,COOP,11.8,11.95,11.7,11.8,145500.0,0.0
2023-03-23,COOP,11.8,11.95,11.7,11.8,145500.0,0.0
2023-03-24,COOP,11.8,11.95,11.7,11.8,145500.0,0.0
2023-03-27,COOP,11.8,11.95,11.7,11.8,145500.0,0.0
2023-03-28,COOP,11.8,11.95,11.7,11.8,145500.0,0.0
2023-03-29,COOP,11.8,11.95,11.7,11.8,145500.0,0.0
2023-03-30,COOP,11.8,11.95,11.7,11.8,145500.0,0.0
2023-03-31,COOP,11.8,11.95,11.7,11.8,145500.0,0.0
2023-04-03,COOP,11.8,11.95,11.7,11.8,145500.0,0.0
2023-04-04,COOP,13.15,13.35,13.0,13.15,448800.0,0.1144067796610168
2023-04-05,COOP,12.9,13.0,12.65,12.8,452100.0,-0.026615969581749
2023-04-06,COOP,12.9,13.0,12.65,12.8,452100.0,0.0
2023-04-07,COOP,12.15,12.25,12.05,12.2,127600.0,-0.0468750000000001
2023-04-10,COOP,11.85,11.9,11.6,11.7,177700.0,-0.040983606557377
2023-04-11,COOP,11.85,11.9,11.6,11.7,177700.0,0.0
2023-04-12,COOP,11.4,11.5,11.0,11.3,66900.0,-0.034188034188034
2023-04-13,COOP,11.4,11.5,11.0,11.3,66900.0,0.0
2023-04-14,COOP,11.4,11.5,11.0,11.3,66900.0,0.0
2023-04-17,COOP,11.4,11.5,11.0,11.3,66900.0,0.0
2023-04-18,COOP,11.4,11.5,11.0,11.3,66900.0,0.0
2023-04-19,COOP,11.4,11.5,11.0,11.3,66900.0,0.0
2023-04-20,COOP,11.4,11.5,11.0,11.3,66900.0,0.0
2023-04-21,COOP,11.4,11.5,11.0,11.3,66900.0,0.0
2023-04-24,COOP,11.4,11.5,11.0,11.3,66900.0,0.0
2023-04-25,COOP,11.4,11.5,11.0,11.3,66900.0,0.0
2023-04-26,COOP,11.4,11.5,11.0,11.3,66900.0,0.0
2023-04-27,COOP,11.4,11.5,11.0,11.3,66900.0,0.0
2023-04-28,COOP,11.4,11.5,11.0,11.3,66900.0,0.0
2023-05-01,COOP,12.1,12.45,12.1,12.25,154500.0,0.084070796460177
2023-05-02,COOP,12.1,12.45,12.1,12.25,154500.0,0.0
2023-05-03,COOP,12.1,12.45,12.1,12.25,154500.0,0.0
2023-05-04,COOP,13.15,13.3,13.0,13.1,116500.0,0.0693877551020407
2023-05-05,COOP,12.8,13.5,12.7,12.8,298800.0,-0.0229007633587785
2023-05-08,COOP,12.8,13.5,12.7,12.8,298800.0,0.0
2023-05-09,COOP,12.0,12.3,11.8,11.95,63700.0,-0.0664062500000001
2023-05-10,COOP,11.7,11.7,11.5,11.55,141200.0,-0.0334728033472802
2023-05-11,COOP,11.7,11.7,11.5,11.55,141200.0,0.0
2023-05-12,COOP,11.3,11.5,11.25,11.3,370500.0,-0.0216450216450216
2023-05-15,COOP,11.3,11.5,11.25,11.3,370500.0,0.0
2023-05-16,COOP,11.3,11.5,11.25,11.3,370500.0,0.0
2023-05-17,COOP,11.3,11.5,11.25,11.3,370500.0,0.0
2023-05-18,COOP,11.3,11.5,11.25,11.3,370500.0,0.0
2023-05-19,COOP,11.3,11.5,11.25,11.3,370500.0,0.0
2023-05-22,COOP,11.3,11.5,11.25,11.3,370500.0,0.0
2023-05-23,COOP,11.3,11.5,11.25,11.3,370500.0,0.0
2023-05-24,COOP,11.3,11.5,11.25,11.3,370500.0,0.0
2023-05-25,COOP,11.3,11.5,11.25,11.3,370500.0,0.0
2023-05-26,COOP,11.3,11.5,11.25,11.3,370500.0,0.0
2023-05-29,COOP,11.3,11.5,11.25,11.3,370500.0,0.0
2023-05-30,COOP,11.3,11.5,11.25,11.3,370500.0,0.0
2023-05-31,COOP,11.3,11.5,11.25,11.3,370500.0,0.0
2023-06-01,COOP,12.25,12.8,12.1,12.4,61800.0,0.0973451327433627
2023-06-02,COOP,12.45,12.5,12.2,12.45,74200.0,0.004032258064516
2023-06-05,COOP,12.45,12.5,12.2,12.45,74200.0,0.0
2023-06-06,COOP,12.1,12.2,11.7,12.0,259100.0,-0.0361445783132529
2023-06-07,COOP,12.1,12.2,12.0,12.05,182000.0,0.0041666666666666
2023-06-08,COOP,12.1,12.2,12.0,12.05,182000.0,0.0
2023-06-09,COOP,11.95,12.0,11.85,11.9,229500.0,-0.012448132780083
2023-06-12,COOP,11.3,11.45,10.8,11.05,428300.0,-0.0714285714285714
2023-06-13,COOP,11.3,11.45,10.8,11.05,428300.0,0.0
2023-06-14,COOP,11.3,11.45,10.8,11.05,428300.0,0.0
2023-06-15,COOP,11.3,11.45,10.8,11.05,428300.0,0.0
2023-06-16,COOP,11.3,11.45,10.8,11.05,428300.0,0.0
2023-06-19,COOP,11.3,11.45,10.8,11.05,428300.0,0.0
2023-06-20,COOP,11.3,11.45,10.8,11.05,428300.0,0.0
2023-06-21,COOP,11.3,11.45,10.8,11.05,428300.0,0.0
2023-06-22,COOP,11.3,11.45,10.8,11.05,428300.0,0.0
2023-06-23,COOP,11.3,11.45,10.8,11.05,428300.0,0.0
2023-06-26,COOP,11.3,11.45,10.8,11.05,428300.0,0.0
2023-06-27,COOP,11.3,11.45,10.8,11.05,428300.0,0.0
2023-06-28,COOP,11.3,11.45,10.8,11.05,428300.0,0.0
2023-06-29,COOP,11.3,11.45,10.8,11.05,428300.0,0.0
2023-06-30,COOP,11.3,11.45,10.8,11.05,428300.0,0.0
2023-07-03,COOP,12.65,12.9,12.35,12.6,1142200.0,0.1402714932126696
2023-07-04,COOP,12.65,12.9,12.35,12.6,1142200.0,0.0
2023-07-05,COOP,12.65,12.9,12.35,12.6,1142200.0,0.0
2023-07-06,COOP,12.0,12.2,12.0,12.1,795000.0,-0.0396825396825396
2023-07-07,COOP,12.05,12.25,12.15,12.2,100700.0,0.0082644628099173
2023-07-10,COOP,12.05,12.25,12.15,12.2,100700.0,0.0
2023-07-11,COOP,11.3,11.5,10.2,10.4,1564500.0,-0.1475409836065573
2023-07-12,COOP,11.05,11.45,10.95,11.2,323100.0,0.0769230769230768
2023-07-13,COOP,11.05,11.45,10.95,11.2,323100.0,0.0
2023-07-14,COOP,11.05,11.45,10.95,11.2,323100.0,0.0
2023-07-17,COOP,11.05,11.45,10.95,11.2,323100.0,0.0
2023-07-18,COOP,11.05,11.45,10.95,11.2,323100.0,0.0
2023-07-19,COOP,11.05,11.45,10.95,11.2,323100.0,0.0
2023-07-20,COOP,11.05,11.45,10.95,11.2,323100.0,0.0
2023-07-21,COOP,11.05,11.45,10.95,11.2,323100.0,0.0
2023-07-24,COOP,11.05,11.45,10.95,11.2,323100.0,0.0
2023-07-25,COOP,11.05,11.45,10.95,11.2,323100.0,0.0
2023-07-26,COOP,11.05,11.45,10.95,11.2,323100.0,0.0
2023-07-27,COOP,11.05,11.45,10.95,11.2,323100.0,0.0
2023-07-28,COOP,11.05,11.45,10.95,11.2,323100.0,0.0
2023-07-31,COOP,11.05,11.45,10.95,11.2,323100.0,0.0
2023-08-01,COOP,11.05,11.45,10.95,11.2,323100.0,0.0
2023-08-02,COOP,12.5,12.5,12.4,12.5,506100.0,0.1160714285714286
2023-08-03,COOP,12.6,12.65,12.35,12.55,5489200.0,0.004
2023-08-04,COOP,12.6,12.65,12.35,12.55,5489200.0,0.0
2023-08-07,COOP,12.6,12.65,12.35,12.55,5489200.0,0.0
2023-08-08,COOP,12.0,12.1,11.95,12.05,243300.0,-0.0398406374501991
2023-08-09,COOP,11.85,11.9,11.65,11.8,53100.0,-0.020746887966805
2023-08-10,COOP,11.85,11.9,11.65,11.8,53100.0,0.0
2023-08-11,COOP,10.4,11.2,10.1,10.25,584100.0,-0.1313559322033899
2023-08-14,COOP,10.4,11.2,10.1,10.25,584100.0,0.0
2023-08-15,COOP,10.4,11.2,10.1,10.25,584100.0,0.0
2023-08-16,COOP,10.4,11.2,10.1,10.25,584100.0,0.0
2023-08-17,COOP,10.4,11.2,10.1,10.25,584100.0,0.0
2023-08-18,COOP,10.4,11.2,10.1,10.25,584100.0,0.0
2023-08-21,COOP,10.4,11.2,10.1,10.25,584100.0,0.0
2023-08-22,COOP,10.4,11.2,10.1,10.25,584100.0,0.0
2023-08-23,COOP,10.4,11.2,10.1,10.25,584100.0,0.0
2023-08-24,COOP,10.4,11.2,10.1,10.25,584100.0,0.0
2023-08-25,COOP,10.4,11.2,10.1,10.25,584100.0,0.0
2023-08-28,COOP,10.4,11.2,10.1,10.25,584100.0,0.0
2023-08-29,COOP,10.4,11.2,10.1,10.25,584100.0,0.0
2023-08-30,COOP,10.4,11.2,10.1,10.25,584100.0,0.0
2023-08-31,COOP,10.4,11.2,10.1,10.25,584100.0,0.0
2023-09-01,COOP,12.4,12.5,12.15,12.4,210400.0,0.2097560975609755
2023-09-04,COOP,12.4,12.5,12.15,12.4,210400.0,0.0
2023-09-05,COOP,12.75,12.75,12.55,12.7,433300.0,0.0241935483870967
2023-09-06,COOP,12.25,12.45,12.15,12.2,1266900.0,-0.0393700787401575
2023-09-07,COOP,12.25,12.45,12.15,12.2,1266900.0,0.0
2023-09-08,COOP,12.05,12.3,11.95,12.0,347400.0,-0.0163934426229507
2023-09-11,COOP,10.25,10.5,10.1,10.2,1105600.0,-0.15
2023-09-12,COOP,10.25,10.5,10.1,10.2,1105600.0,0.0
2023-09-13,COOP,10.25,10.5,10.1,10.2,1105600.0,0.0
2023-09-14,COOP,10.25,10.5,10.1,10.2,1105600.0,0.0
2023-09-15,COOP,10.25,10.5,10.1,10.2,1105600.0,0.0
2023-09-18,COOP,10.25,10.5,10.1,10.2,1105600.0,0.0
2023-09-19,COOP,10.25,10.5,10.1,10.2,1105600.0,0.0
2023-09-20,COOP,10.25,10.5,10.1,10.2,1105600.0,0.0
2023-09-21,COOP,10.25,10.5,10.1,10.2,1105600.0,0.0
2023-09-22,COOP,10.25,10.5,10.1,10.2,1105600.0,0.0
2023-09-25,COOP,10.25,10.5,10.1,10.2,1105600.0,0.0
2023-09-26,COOP,10.25,10.5,10.1,10.2,1105600.0,0.0
2023-09-27,COOP,10.25,10.5,10.1,10.2,1105600.0,0.0
2023-09-28,COOP,10.25,10.5,10.1,10.2,1105600.0,0.0
2023-09-29,COOP,10.25,10.5,10.1,10.2,1105600.0,0.0
2023-10-02,COOP,12.5,12.7,12.25,12.3,767000.0,0.2058823529411766
2023-10-03,COOP,12.45,12.55,12.45,12.5,51700.0,0.0162601626016258
2023-10-04,COOP,12.45,12.55,12.45,12.5,51700.0,0.0
2023-10-05,COOP,12.7,12.75,11.9,12.25,1235500.0,-0.02
2023-10-06,COOP,12.7,12.75,11.9,12.25,1235500.0,0.0
2023-10-09,COOP,12.7,12.75,11.9,12.25,1235500.0,0.0
2023-10-10,COOP,12.7,12.75,11.9,12.25,1235500.0,0.0
2023-10-11,COOP,10.2,11.2,10.4,10.65,183800.0,-0.1306122448979592
2023-10-12,COOP,10.2,11.2,10.4,10.65,183800.0,0.0
2023-10-13,COOP,10.2,11.2,10.4,10.65,183800.0,0.0
2023-10-16,COOP,10.2,11.2,10.4,10.65,183800.0,0.0
2023-10-17,COOP,10.2,11.2,10.4,10.65,183800.0,0.0
2023-10-18,COOP,10.2,11.2,10.4,10.65,183800.0,0.0
2023-10-19,COOP,10.2,11.2,10.4,10.65,183800.0,0.0
2023-10-20,COOP,10.2,11.2,10.4,10.65,183800.0,0.0
2023-10-23,COOP,10.2,11.2,10.4,10.65,183800.0,0.0
2023-10-24,COOP,10.2,11.2,10.4,10.65,183800.0,0.0
2023-10-25,COOP,10.2,11.2,10.4,10.65,183800.0,0.0
2023-10-26,COOP,10.2,11.2,10.4,10.65,183800.0,0.0
2023-10-27,COOP,10.2,11.2,10.4,10.65,183800.0,0.0
2023-10-30,COOP,10.2,11.2,10.4,10.65,183800.0,0.0
2023-10-31,COOP,10.2,11.2,10.4,10.65,183800.0,0.0
2023-11-01,COOP,12.3,12.85,12.15,12.5,106500.0,0.1737089201877935
2023-11-02,COOP,12.3,12.85,12.15,12.5,106500.0,0.0
2023-11-03,COOP,12.3,12.85,12.15,12.5,106500.0,0.0
2023-11-06,COOP,12.3,12.85,12.15,12.5,106500.0,0.0
2023-11-07,COOP,12.2,12.2,11.95,12.05,267500.0,-0.0359999999999999
2023-11-08,COOP,11.9,12.0,11.85,11.95,535300.0,-0.008298755186722
2023-11-09,COOP,11.8,11.85,11.65,11.7,104300.0,-0.0209205020920502
2023-11-10,COOP,11.55,12.0,11.55,11.6,796600.0,-0.0085470085470085
2023-11-13,COOP,11.55,12.0,11.55,11.6,796600.0,0.0
2023-11-14,COOP,11.55,12.0,11.55,11.6,796600.0,0.0
2023-11-15,COOP,11.55,12.0,11.55,11.6,796600.0,0.0
2023-11-16,COOP,11.55,12.0,11.55,11.6,796600.0,0.0
2023-11-17,COOP,11.55,12.0,11.55,11.6,796600.0,0.0
2023-11-20,COOP,11.55,12.0,11.55,11.6,796600.0,0.0
2023-11-21,COOP,11.55,12.0,11.55,11.6,796600.0,0.0
2023-11-22,COOP,11.55,12.0,11.55,11.6,796600.0,0.0
2023-11-23,COOP,11.55,12.0,11.55,11.6,796600.0,0.0
2023-11-24,COOP,11.55,12.0,11.55,11.6,796600.0,0.0
2023-11-27,COOP,11.55,12.0,11.55,11.6,796600.0,0.0
2023-11-28,COOP,11.55,12.0,11.55,11.6,796600.0,0.0
2023-11-29,COOP,11.55,12.0,11.55,11.6,796600.0,0.0
2023-11-30,COOP,11.55,12.0,11.55,11.6,796600.0,0.0
2023-12-01,COOP,12.5,12.5,12.2,12.3,151000.0,0.060344827586207
2023-12-04,COOP,13.1,13.65,13.2,13.25,538300.0,0.0772357723577235
2023-12-05,COOP,12.0,12.3,11.9,12.0,1755200.0,-0.0943396226415094
2023-12-06,COOP,12.2,12.3,12.15,12.2,256700.0,0.0166666666666666
2023-12-07,COOP,12.05,12.1,12.0,12.05,191200.0,-0.0122950819672129
2023-12-08,COOP,12.05,12.1,12.0,12.05,191200.0,0.0
2023-12-11,COOP,12.05,12.1,12.0,12.05,191200.0,0.0
2023-12-12,COOP,12.05,12.1,12.0,12.05,191200.0,0.0
2023-12-13,COOP,12.05,12.1,12.0,12.05,191200.0,0.0
2023-12-14,COOP,12.05,12.1,12.0,12.05,191200.0,0.0
2023-12-15,COOP,12.05,12.1,12.0,12.05,191200.0,0.0
2023-12-18,COOP,12.05,12.1,12.0,12.05,191200.0,0.0
2023-12-19,COOP,12.05,12.1,12.0,12.05,191200.0,0.0
2023-12-20,COOP,12.05,12.1,12.0,12.05,191200.0,0.0
2023-12-21,COOP,12.05,12.1,12.0,12.05,191200.0,0.0
2023-12-22,COOP,12.05,12.1,12.0,12.05,191200.0,0.0
2023-12-25,COOP,12.05,12.1,12.0,12.05,191200.0,0.0
2023-12-26,COOP,12.05,12.1,12.0,12.05,191200.0,0.0
2023-12-27,COOP,12.05,12.1,12.0,12.05,191200.0,0.0
2023-12-28,COOP,12.05,12.1,12.0,12.05,191200.0,0.0
2023-12-29,COOP,12.05,12.1,12.0,12.05,191200.0,0.0
2024-01-01,COOP,12.05,12.1,12.0,12.05,191200.0,0.0
2024-01-02,COOP,11.95,12.3,11.95,12.1,98800.0,0.0041493775933609
2024-01-03,COOP,13.0,13.1,12.75,13.05,2737800.0,0.0785123966942149
2024-01-04,COOP,13.0,13.1,12.75,13.05,2737800.0,0.0
2024-01-05,COOP,13.0,13.1,12.75,13.05,2737800.0,0.0
2024-01-08,COOP,12.7,12.9,12.65,12.85,34100.0,-0.0153256704980844
2024-01-09,COOP,12.7,12.9,12.65,12.85,34100.0,0.0
2024-01-10,COOP,13.35,13.95,13.25,13.5,231000.0,0.0505836575875486
2024-01-11,COOP,13.35,13.95,13.25,13.5,231000.0,0.0
2024-01-12,COOP,13.35,13.95,13.25,13.5,231000.0,0.0
2024-01-15,COOP,13.35,13.95,13.25,13.5,231000.0,0.0
2024-01-16,COOP,13.35,13.95,13.25,13.5,231000.0,0.0
2024-01-17,COOP,13.35,13.95,13.25,13.5,231000.0,0.0
2024-01-18,COOP,13.35,13.95,13.25,13.5,231000.0,0.0
2024-01-19,COOP,13.35,13.95,13.25,13.5,231000.0,0.0
2024-01-22,COOP,13.35,13.95,13.25,13.5,231000.0,0.0
2024-01-23,COOP,13.35,13.95,13.25,13.5,231000.0,0.0
2024-01-24,COOP,13.35,13.95,13.25,13.5,231000.0,0.0
2024-01-25,COOP,13.35,13.95,13.25,13.5,231000.0,0.0
2024-01-26,COOP,13.35,13.95,13.25,13.5,231000.0,0.0
2024-01-29,COOP,13.35,13.95,13.25,13.5,231000.0,0.0
2024-01-30,COOP,13.35,13.95,13.25,13.5,231000.0,0.0
2024-01-31,COOP,13.35,13.95,13.25,13.5,231000.0,0.0
2024-02-01,COOP,11.4,11.4,11.1,11.35,148300.0,-0.1592592592592593
2024-02-02,COOP,12.1,12.2,11.9,12.0,129600.0,0.0572687224669603
2024-02-05,COOP,12.45,13.0,11.5,12.0,472700.0,0.0
2024-02-06,COOP,12.45,13.0,11.5,12.0,472700.0,0.0
2024-02-07,COOP,12.8,13.0,12.8,12.8,1105100.0,0.0666666666666666
2024-02-08,COOP,12.85,12.9,12.7,12.85,92200.0,0.00390625
2024-02-09,COOP,13.55,13.9,13.45,13.55,121800.0,0.0544747081712062
2024-02-12,COOP,13.55,13.9,13.45,13.55,121800.0,0.0
2024-02-13,COOP,13.55,13.9,13.45,13.55,121800.0,0.0
2024-02-14,COOP,13.55,13.9,13.45,13.55,121800.0,0.0
2024-02-15,COOP,13.55,13.9,13.45,13.55,121800.0,0.0
2024-02-16,COOP,13.55,13.9,13.45,13.55,121800.0,0.0
2024-02-19,COOP,13.55,13.9,13.45,13.55,121800.0,0.0
2024-02-20,COOP,13.55,13.9,13.45,13.55,121800.0,0.0
2024-02-21,COOP,13.55,13.9,13.45,13.55,121800.0,0.0
2024-02-22,COOP,13.55,13.9,13.45,13.55,121800.0,0.0
2024-02-23,COOP,13.55,13.9,13.45,13.55,121800.0,0.0
2024-02-26,COOP,13.55,13.9,13.45,13.55,121800.0,0.0
2024-02-27,COOP,13.55,13.9,13.45,13.55,121800.0,0.0
2024-02-28,COOP,13.55,13.9,13.45,13.55,121800.0,0.0
2024-02-29,COOP,13.55,13.9,13.45,13.55,121800.0,0.0
2024-03-01,COOP,11.35,11.4,11.15,11.2,357500.0,-0.1734317343173432
2024-03-04,COOP,14.95,15.1,14.75,14.9,135800.0,0.330357142857143
2024-03-05,COOP,12.0,12.65,12.0,12.2,126900.0,-0.1812080536912752
2024-03-06,COOP,13.5,13.9,13.3,13.65,2491700.0,0.1188524590163935
2024-03-07,COOP,12.8,13.0,12.7,12.8,706800.0,-0.0622710622710622
2024-03-08,COOP,12.8,13.0,12.7,12.8,706800.0,0.0
2024-03-11,COOP,12.8,13.0,12.7,12.8,706800.0,0.0
2024-03-12,COOP,12.8,13.0,12.7,12.8,706800.0,0.0
2024-03-13,COOP,12.8,13.0,12.7,12.8,706800.0,0.0
2024-03-14,COOP,12.8,13.0,12.7,12.8,706800.0,0.0
2024-03-15,COOP,12.8,13.0,12.7,12.8,706800.0,0.0
2024-03-18,COOP,12.8,13.0,12.7,12.8,706800.0,0.0
2024-03-19,COOP,12.8,13.0,12.7,12.8,706800.0,0.0
2024-03-20,COOP,12.8,13.0,12.7,12.8,706800.0,0.0
2024-03-21,COOP,12.8,13.0,12.7,12.8,706800.0,0.0
2024-03-22,COOP,12.8,13.0,12.7,12.8,706800.0,0.0
2024-03-25,COOP,12.8,13.0,12.7,12.8,706800.0,0.0
2024-03-26,COOP,12.8,13.0,12.7,12.8,706800.0,0.0
2024-03-27,COOP,12.8,13.0,12.7,12.8,706800.0,0.0
2024-03-28,COOP,12.8,13.0,12.7,12.8,706800.0,0.0
2024-03-29,COOP,12.8,13.0,12.7,12.8,706800.0,0.0
2024-04-01,COOP,11.2,11.4,11.15,11.25,268100.0,-0.12109375
2024-04-02,COOP,11.2,11.4,11.15,11.25,268100.0,0.0
2024-04-03,COOP,13.05,13.1,12.75,13.05,71600.0,0.1600000000000001
2024-04-04,COOP,14.9,15.05,14.6,15.0,1687600.0,0.1494252873563217
2024-04-05,COOP,14.9,15.05,14.6,15.0,1687600.0,0.0
2024-04-08,COOP,14.9,15.05,14.6,15.0,1687600.0,0.0
2024-04-09,COOP,13.65,13.8,13.0,13.35,113100.0,-0.1099999999999999
2024-04-10,COOP,13.65,14.0,13.5,13.7,97700.0,0.0262172284644195
2024-04-11,COOP,13.65,14.0,13.5,13.7,97700.0,0.0
2024-04-12,COOP,13.65,14.0,13.5,13.7,97700.0,0.0
2024-04-15,COOP,13.65,14.0,13.5,13.7,97700.0,0.0
2024-04-16,COOP,13.65,14.0,13.5,13.7,97700.0,0.0
2024-04-17,COOP,13.65,14.0,13.5,13.7,97700.0,0.0
2024-04-18,COOP,13.65,14.0,13.5,13.7,97700.0,0.0
2024-04-19,COOP,13.65,14.0,13.5,13.7,97700.0,0.0
2024-04-22,COOP,13.65,14.0,13.5,13.7,97700.0,0.0
2024-04-23,COOP,13.65,14.0,13.5,13.7,97700.0,0.0
2024-04-24,COOP,13.65,14.0,13.5,13.7,97700.0,0.0
2024-04-25,COOP,13.65,14.0,13.5,13.7,97700.0,0.0
2024-04-26,COOP,13.65,14.0,13.5,13.7,97700.0,0.0
2024-04-29,COOP,13.65,14.0,13.5,13.7,97700.0,0.0
2024-04-30,COOP,13.65,14.0,13.5,13.7,97700.0,0.0
2024-05-01,COOP,11.25,12.0,11.2,11.25,314900.0,-0.1788321167883211
2024-05-02,COOP,12.0,12.2,11.9,12.05,122700.0,0.0711111111111111
2024-05-03,COOP,13.05,13.2,12.75,13.0,82600.0,0.0788381742738588
2024-05-06,COOP,13.75,13.85,13.7,13.7,124700.0,0.0538461538461538
2024-05-07,COOP,12.6,12.8,12.5,12.65,215400.0,-0.0766423357664233
2024-05-08,COOP,12.85,12.9,12.6,12.7,204600.0,0.0039525691699604
2024-05-09,COOP,13.35,13.5,13.0,13.25,41200.0,0.0433070866141733
2024-05-10,COOP,13.35,13.5,13.0,13.25,41200.0,0.0
2024-05-13,COOP,13.35,13.5,13.0,13.25,41200.0,0.0
2024-05-14,COOP,13.35,13.5,13.0,13.25,41200.0,0.0
2024-05-15,COOP,13.35,13.5,13.0,13.25,41200.0,0.0
2024-05-16,COOP,13.35,13.5,13.0,13.25,41200.0,0.0
2024-05-17,COOP,13.35,13.5,13.0,13.25,41200.0,0.0
2024-05-20,COOP,13.35,13.5,13.0,13.25,41200.0,0.0
2024-05-21,COOP,13.35,13.5,13.0,13.25,41200.0,0.0
2024-05-22,COOP,13.35,13.5,13.0,13.25,41200.0,0.0
2024-05-23,COOP,13.35,13.5,13.0,13.25,41200.0,0.0
2024-05-24,COOP,13.35,13.5,13.0,13.25,41200.0,0.0
2024-05-27,COOP,13.35,13.5,13.0,13.25,41200.0,0.0
2024-05-28,COOP,13.35,13.5,13.0,13.25,41200.0,0.0
2024-05-29,COOP,13.35,13.5,13.0,13.25,41200.0,0.0
2024-05-30,COOP,13.35,13.5,13.0,13.25,41200.0,0.0
2024-05-31,COOP,13.35,13.5,13.0,13.25,41200.0,0.0
2024-06-03,COOP,13.0,13.05,12.6,12.8,819500.0,-0.0339622641509433
2024-06-04,COOP,13.0,13.05,12.6,12.8,819500.0,0.0
2024-06-05,COOP,12.2,12.35,11.9,12.0,151500.0,-0.0625
2024-06-06,COOP,13.7,13.85,13.6,13.7,1665900.0,0.1416666666666666
2024-06-07,COOP,13.7,13.85,13.6,13.7,1665900.0,0.0
2024-06-10,COOP,13.7,13.85,13.6,13.7,1665900.0,0.0
2024-06-11,COOP,13.7,13.85,13.6,13.7,1665900.0,0.0
2024-06-12,COOP,13.7,13.85,13.6,13.7,1665900.0,0.0
2024-06-13,COOP,13.7,13.85,13.6,13.7,1665900.0,0.0
2024-06-14,COOP,13.7,13.85,13.6,13.7,1665900.0,0.0
2024-06-17,COOP,13.7,13.85,13.6,13.7,1665900.0,0.0
2024-06-18,COOP,13.7,13.85,13.6,13.7,1665900.0,0.0
2024-06-19,COOP,13.7,13.85,13.6,13.7,1665900.0,0.0
2024-06-20,COOP,13.7,13.85,13.6,13.7,1665900.0,0.0
2024-06-21,COOP,13.7,13.85,13.6,13.7,1665900.0,0.0
2024-06-24,COOP,13.7,13.85,13.6,13.7,1665900.0,0.0
2024-06-25,COOP,13.7,13.85,13.6,13.7,1665900.0,0.0
2024-06-26,COOP,13.7,13.85,13.6,13.7,1665900.0,0.0
2024-06-27,COOP,13.7,13.85,13.6,13.7,1665900.0,0.0
2024-06-28,COOP,13.7,13.85,13.6,13.7,1665900.0,0.0
2024-07-01,COOP,13.7,13.85,13.6,13.7,1665900.0,0.0
2024-07-02,COOP,12.0,12.05,11.85,12.0,55000.0,-0.1240875912408758
2024-07-03,COOP,12.8,12.95,12.65,12.7,1039600.0,0.0583333333333333
2024-07-04,COOP,12.8,12.95,12.65,12.7,1039600.0,0.0
2024-07-05,COOP,12.0,12.15,11.9,12.0,378700.0,-0.0551181102362203
2024-07-08,COOP,12.7,12.85,12.5,12.65,2133800.0,0.0541666666666666
2024-07-09,COOP,12.7,12.85,12.5,12.65,2133800.0,0.0
2024-07-10,COOP,13.7,13.8,13.5,13.7,91200.0,0.0830039525691699
2024-07-11,COOP,13.7,13.8,13.5,13.7,91200.0,0.0
2024-07-12,COOP,13.7,13.8,13.5,13.7,91200.0,0.0
2024-07-15,COOP,13.7,13.8,13.5,13.7,91200.0,0.0
2024-07-16,COOP,13.7,13.8,13.5,13.7,91200.0,0.0
2024-07-17,COOP,13.7,13.8,13.5,13.7,91200.0,0.0
2024-07-18,COOP,13.7,13.8,13.5,13.7,91200.0,0.0
2024-07-19,COOP,13.7,13.8,13.5,13.7,91200.0,0.0
2024-07-22,COOP,13.7,13.8,13.5,13.7,91200.0,0.0
2024-07-23,COOP,13.7,13.8,13.5,13.7,91200.0,0.0
2024-07-24,COOP,13.7,13.8,13.5,13.7,91200.0,0.0
2024-07-25,COOP,13.7,13.8,13.5,13.7,91200.0,0.0
2024-07-26,COOP,13.7,13.8,13.5,13.7,91200.0,0.0
2024-07-29,COOP,13.7,13.8,13.5,13.7,91200.0,0.0
2024-07-30,COOP,13.7,13.8,13.5,13.7,91200.0,0.0
2024-07-31,COOP,13.7,13.8,13.5,13.7,91200.0,0.0
2024-08-01,COOP,11.25,12.0,11.2,11.25,314900.0,-0.1788321167883211
2024-08-02,COOP,12.0,12.6,12.0,12.1,133400.0,0.0755555555555556
2024-08-05,COOP,12.0,12.3,12.0,12.05,4094200.0,-0.0041322314049585
2024-08-06,COOP,12.0,12.3,12.0,12.05,4094200.0,0.0
2024-08-07,COOP,12.65,12.7,12.5,12.6,357100.0,0.0456431535269707
2024-08-08,COOP,12.65,12.85,12.25,12.5,165100.0,-0.0079365079365079
2024-08-09,COOP,12.65,12.85,12.25,12.5,165100.0,0.0
2024-08-12,COOP,12.65,12.85,12.25,12.5,165100.0,0.0
2024-08-13,COOP,12.65,12.85,12.25,12.5,165100.0,0.0
2024-08-14,COOP,12.65,12.85,12.25,12.5,165100.0,0.0
2024-08-15,COOP,12.65,12.85,12.25,12.5,165100.0,0.0
2024-08-16,COOP,12.65,12.85,12.25,12.5,165100.0,0.0
2024-08-19,COOP,12.65,12.85,12.25,12.5,165100.0,0.0
2024-08-20,COOP,12.65,12.85,12.25,12.5,165100.0,0.0
2024-08-21,COOP,12.65,12.85,12.25,12.5,165100.0,0.0
2024-08-22,COOP,12.65,12.85,12.25,12.5,165100.0,0.0
2024-08-23,COOP,12.65,12.85,12.25,12.5,165100.0,0.0
2024-08-26,COOP,12.65,12.85,12.25,12.5,165100.0,0.0
2024-08-27,COOP,12.65,12.85,12.25,12.5,165100.0,0.0
2024-08-28,COOP,12.65,12.85,12.25,12.5,165100.0,0.0
2024-08-29,COOP,12.65,12.85,12.25,12.5,165100.0,0.0
2024-08-30,COOP,12.65,12.85,12.25,12.5,165100.0,0.0
2024-09-02,COOP,12.1,13.0,12.1,12.2,187900.0,-0.024
2024-09-03,COOP,12.1,13.0,12.1,12.2,187900.0,0.0
2024-09-04,COOP,14.75,15.0,14.0,14.25,128000.0,0.168032786885246
2024-09-05,COOP,12.05,12.5,12.05,12.1,982500.0,-0.1508771929824561
2024-09-06,COOP,12.05,12.5,12.05,12.1,982500.0,0.0
2024-09-09,COOP,13.1,13.5,13.0,13.25,97700.0,0.0950413223140496
2024-09-10,COOP,13.65,13.95,13.6,13.6,3121100.0,0.0264150943396226
2024-09-11,COOP,13.65,13.95,13.6,13.6,3121100.0,0.0
2024-09-12,COOP,13.65,13.95,13.6,13.6,3121100.0,0.0
2024-09-13,COOP,13.65,13.95,13.6,13.6,3121100.0,0.0
2024-09-16,COOP,13.65,13.95,13.6,13.6,3121100.0,0.0
2024-09-17,COOP,13.65,13.95,13.6,13.6,3121100.0,0.0
2024-09-18,COOP,13.65,13.95,13.6,13.6,3121100.0,0.0
2024-09-19,COOP,13.65,13.95,13.6,13.6,3121100.0,0.0
2024-09-20,COOP,13.65,13.95,13.6,13.6,3121100.0,0.0
2024-09-23,COOP,13.65,13.95,13.6,13.6,3121100.0,0.0
2024-09-24,COOP,13.65,13.95,13.6,13.6,3121100.0,0.0
2024-09-25,COOP,13.65,13.95,13.6,13.6,3121100.0,0.0
2024-09-26,COOP,13.65,13.95,13.6,13.6,3121100.0,0.0
2024-09-27,COOP,13.65,13.95,13.6,13.6,3121100.0,0.0
2024-09-30,COOP,13.65,13.95,13.6,13.6,3121100.0,0.0
2024-10-01,COOP,11.3,11.35,11.25,11.3,156400.0,-0.1691176470588234
2024-10-02,COOP,11.3,11.35,11.25,11.3,156400.0,0.0
2024-10-03,COOP,11.3,11.35,11.25,11.3,156400.0,0.0
2024-10-04,COOP,11.3,11.35,11.25,11.3,156400.0,0.0
2024-10-07,COOP,12.7,13.6,12.5,13.5,5110600.0,0.1946902654867255
2024-10-08,COOP,12.7,13.6,12.5,13.5,5110600.0,0.0
2024-10-09,COOP,13.25,13.9,13.2,13.3,636300.0,-0.0148148148148147
2024-10-10,COOP,13.25,13.9,13.2,13.3,636300.0,0.0
2024-10-11,COOP,13.25,13.9,13.2,13.3,636300.0,0.0
2024-10-14,COOP,13.25,13.9,13.2,13.3,636300.0,0.0
2024-10-15,COOP,13.25,13.9,13.2,13.3,636300.0,0.0
2024-10-16,COOP,13.25,13.9,13.2,13.3,636300.0,0.0
2024-10-17,COOP,13.25,13.9,13.2,13.3,636300.0,0.0
2024-10-18,COOP,13.25,13.9,13.2,13.3,636300.0,0.0
2024-10-21,COOP,13.25,13.9,13.2,13.3,636300.0,0.0
2024-10-22,COOP,13.25,13.9,13.2,13.3,636300.0,0.0
2024-10-23,COOP,13.25,13.9,13.2,13.3,636300.0,0.0
2024-10-24,COOP,13.25,13.9,13.2,13.3,636300.0,0.0
2024-10-25,COOP,13.25,13.9,13.2,13.3,636300.0,0.0
2024-10-28,COOP,13.25,13.9,13.2,13.3,636300.0,0.0
2024-10-29,COOP,13.25,13.9,13.2,13.3,636300.0,0.0
2024-10-30,COOP,13.25,13.9,13.2,13.3,636300.0,0.0
2024-10-31,COOP,13.25,13.9,13.2,13.3,636300.0,0.0
2024-11-01,COOP,11.3,11.35,11.2,11.3,415500.0,-0.150375939849624
2024-11-04,COOP,14.25,14.5,14.05,14.4,121300.0,0.2743362831858407
2024-11-05,COOP,14.25,14.5,14.05,14.4,121300.0,0.0
2024-11-06,COOP,13.55,13.85,13.5,13.65,187000.0,-0.0520833333333333
2024-11-07,COOP,13.5,13.5,12.7,13.0,5302100.0,-0.0476190476190476
2024-11-08,COOP,13.5,13.5,12.7,13.0,5302100.0,0.0
2024-11-11,COOP,13.5,13.5,12.7,13.0,5302100.0,0.0
2024-11-12,COOP,13.5,13.5,12.7,13.0,5302100.0,0.0
2024-11-13,COOP,13.5,13.5,12.7,13.0,5302100.0,0.0
2024-11-14,COOP,13.5,13.5,12.7,13.0,5302100.0,0.0
2024-11-15,COOP,13.5,13.5,12.7,13.0,5302100.0,0.0
2024-11-18,COOP,13.5,13.5,12.7,13.0,5302100.0,0.0
2024-11-19,COOP,13.5,13.5,12.7,13.0,5302100.0,0.0
2024-11-20,COOP,13.5,13.5,12.7,13.0,5302100.0,0.0
2024-11-21,COOP,13.5,13.5,12.7,13.0,5302100.0,0.0
2024-11-22,COOP,13.5,13.5,12.7,13.0,5302100.0,0.0
2024-11-25,COOP,13.5,13.5,12.7,13.0,5302100.0,0.0
2024-11-26,COOP,13.5,13.5,12.7,13.0,5302100.0,0.0
2024-11-27,COOP,13.5,13.5,12.7,13.0,5302100.0,0.0
2024-11-28,COOP,13.5,13.5,12.7,13.0,5302100.0,0.0
2024-11-29,COOP,13.5,13.5,12.7,13.0,5302100.0,0.0
2024-12-02,COOP,12.2,12.5,12.05,12.25,82300.0,-0.0576923076923077
2024-12-03,COOP,12.85,13.0,12.75,12.85,396500.0,0.0489795918367346
2024-12-04,COOP,14.4,14.55,14.0,14.2,341800.0,0.1050583657587549
2024-12-05,COOP,14.4,14.55,14.0,14.2,341800.0,0.0
2024-12-06,COOP,13.65,13.7,13.5,13.65,367300.0,-0.0387323943661971
2024-12-09,COOP,13.35,13.35,13.0,13.25,87700.0,-0.0293040293040293
